user_id,contents_id_content,interaction_score,views_count,last_view
015dcef6-8cb6-4dcc-9463-06ca5b11691f,59eda063-9b16-438d-80bb-4e2140ec6e4a,0.8575809551990046,1,2026-08-31 04:26:59.359516+00:00
015dcef6-8cb6-4dcc-9463-06ca5b11691f,6b8b445f-2083-41ce-a4dd-e27d6edb504a,4.568627460419657,1,2026-09-01 10:53:19.799507+00:00
015dcef6-8cb6-4dcc-9463-06ca5b11691f,81106a96-52b1-4cc0-b114-302117924c2f,0.05689085483093458,1,2026-07-07 22:13:08.229017+00:00
04519834-c652-41d4-8891-3101290b5b37,2294aa72-a2e9-4a92-8217-a4d3595c8b6d,1.9269447379525328,1,2026-08-25 09:42:43.628446+00:00
04519834-c652-41d4-8891-3101290b5b37,88dc4493-6547-466b-992b-490f0e33e1b0,1.1307392327991956,1,2026-08-14 17:50:28.856553+00:00
04519834-c652-41d4-8891-3101290b5b37,bc1e9eb8-ce85-446f-a37d-94d1c52e8ed8,0.9654274703310044,1,2026-09-02 13:18:30.281578+00:00
04b81499-143a-427b-b93f-af8cc61c529c,8e757553-8ea9-4d4f-9a5f-afb6488460dd,0.1601306795447715,1,2026-07-06 15:36:56.713077+00:00
056f9cfc-407b-4837-a21d-49a22350e6aa,8080c352-eabb-4041-b036-a897d2463ca4,2.694530180657151,1,2026-09-01 02:39:01.548030+00:00
0591c6da-30a3-4ab5-9118-dabfd6bca670,a4531d0f-d797-494f-9b78-930d6b6dfc28,4.279393663838107,1,2026-08-31 03:29:46.023617+00:00
05f5ce3c-ebe0-4dbf-8918-fad114cf99fd,9b4c6d22-c27c-42aa-ac4b-b7a8d89ae948,1.576727903735119,1,2026-08-11 04:14:07.870119+00:00
05f5ce3c-ebe0-4dbf-8918-fad114cf99fd,ed6a34f7-2bb3-450d-83a5-feec16a96634,0.6049661413402656,1,2026-08-24 04:57:25.697851+00:00
061bce08-6ac4-415b-9bcf-2e45cc16e43b,44aa502f-a67f-49a1-898a-52ae134a4608,2.674575088818183,1,2026-08-31 23:04:56.742148+00:00
08bbaa3b-030e-4523-b87e-c396f8f6addd,9232597a-e625-435c-9c0a-2292447a4daa,0.09741281939660197,1,2026-07-18 16:22:26.741579+00:00
08f1f771-9918-4885-a8de-3e5392971edb,420da08f-114a-4d13-a1f5-94e77fbd4aa5,3.729973670422337,1,2026-08-28 09:32:21.271513+00:00
08f1f771-9918-4885-a8de-3e5392971edb,43de6e56-1292-4804-b31a-b3dd64b5145d,0.3596542402520074,1,2026-08-13 19:20:34.954174+00:00
08f1f771-9918-4885-a8de-3e5392971edb,7b4e7392-0377-4f8e-8ce7-235d429fea75,2.408020139560574,1,2026-08-29 20:41:21.571067+00:00
0ca8437e-c1c4-486a-af62-a8cec7611294,33eeb3c4-c9f1-4a0c-9562-aeb8c31d8ef2,1.5585313269019303,1,2026-08-21 03:51:36.214357+00:00
0ca8437e-c1c4-486a-af62-a8cec7611294,a6a0a71c-7578-441b-adfb-b6b27ef85388,2.5980490369142477,1,2026-08-21 03:57:06.691725+00:00
0da3af5d-6fe4-4dae-94fd-5f838557c37f,6aa55702-1d73-4765-b231-d67e88a503c7,4.870833231689506,1,2026-09-02 17:38:01.991352+00:00
0de79fb9-d394-466f-84d9-417160a5813c,f584a30e-0949-4117-9f48-1469eec0b6ab,2.0831358492813785,1,2026-08-26 23:07:21.644993+00:00
11a83c71-051b-4565-8524-26daa9243797,8c4d3fa7-f8d0-485d-ba89-f8b4e0630f87,0.2842555113584824,1,2026-08-09 02:24:49.077395+00:00
1236cc02-5721-4a03-9654-f79d404ab90d,1a8f3074-aa2e-4b73-af21-d6991293d908,0.10694666068383214,1,2026-07-20 13:11:34.238271+00:00
1236cc02-5721-4a03-9654-f79d404ab90d,2294aa72-a2e9-4a92-8217-a4d3595c8b6d,0.30289327084042084,1,2026-08-10 08:53:49.139596+00:00
1236cc02-5721-4a03-9654-f79d404ab90d,a287fe6d-c136-4b9a-ab1a-b79b50082d44,2.8277799838682833,1,2026-09-02 01:49:08.801750+00:00
12de4e28-f383-4a69-bf8b-e638f1b17124,7637c31b-840a-44a2-874a-4185e044457d,0.9291633402548121,1,2026-09-01 18:55:51.329515+00:00
12de4e28-f383-4a69-bf8b-e638f1b17124,bbf870c3-795d-464b-a263-661169a20df3,0.15658269857957002,1,2026-07-06 04:51:39.260523+00:00
12de4e28-f383-4a69-bf8b-e638f1b17124,e5183753-f658-4280-9615-ba74989f7602,0.8057234375299599,1,2026-08-29 22:30:35.309455+00:00
130cda9e-6682-4afc-a9d6-b8b24e7ffe47,dd5ceff9-57f0-4559-8418-203b9cdd7543,2.7421351979364954,1,2026-08-22 05:51:37.380958+00:00
137f574c-51b4-4365-9a4b-e9a828488f2a,e51ab844-bd48-4c09-a494-f89028af48e9,0.8708996277960621,1,2026-08-31 11:50:49.825577+00:00
153537e9-99db-41d4-b817-4e1103a6a4ec,19072406-303f-47d9-8be5-c40c86a2b19f,0.89812506228213,1,2026-07-30 22:05:33.435081+00:00
153537e9-99db-41d4-b817-4e1103a6a4ec,753b9b94-bb31-4db2-8187-dc7b227b4ab4,0.34827682805838134,1,2026-07-22 04:34:45.530413+00:00
153537e9-99db-41d4-b817-4e1103a6a4ec,f5a1e923-98cc-431d-833a-31b1938a9e7c,4.076081683111232,1,2026-08-30 04:07:55.317669+00:00
16888ca0-1129-4850-a4f7-30d71ab70f05,0314b1b9-496b-4ad8-a073-697bf6b2ae77,0.25341712423247503,1,2026-08-06 19:17:31.297652+00:00
16888ca0-1129-4850-a4f7-30d71ab70f05,2698940f-6dbb-4e86-8033-64528914bd73,2.867863222148075,1,2026-09-02 08:34:30.893829+00:00
1696b5f4-90a0-4111-bfd7-5c74c97460a8,27dfca7a-ceb8-44bd-af45-79f209941e55,0.5771011563678843,1,2026-08-01 06:59:19.950444+00:00
1696b5f4-90a0-4111-bfd7-5c74c97460a8,43e8253a-7fdc-4745-a2d1-ecd8778e29c3,1.67200980624555,1,2026-08-22 13:35:44.303382+00:00
1696b5f4-90a0-4111-bfd7-5c74c97460a8,e5183753-f658-4280-9615-ba74989f7602,4.4556085317094265,1,2026-08-31 22:51:54.823220+00:00
16e0d911-eef1-4a93-a491-d79102dbf13e,07d6814c-b247-4f89-962b-51b233307602,1.2019472877701396,1,2026-08-15 23:09:20.191220+00:00
16e0d911-eef1-4a93-a491-d79102dbf13e,13e93b4d-d7d7-441a-9be6-3b1925138c0d,0.3118127552563664,1,2026-07-19 23:29:37.746720+00:00
16e0d911-eef1-4a93-a491-d79102dbf13e,ec7ee147-45ff-42ef-8e51-c26e6f0a07ce,0.2966009206884065,1,2026-07-18 23:29:11.255786+00:00
17685e63-4055-4ec6-823c-492e7cc3f82d,9b4c6d22-c27c-42aa-ac4b-b7a8d89ae948,2.1131372077284043,1,2026-08-27 05:59:10.823847+00:00
19b9ed50-f8c1-4fbe-a1a9-e9ca93089c08,7a54fa98-c7c5-4d53-adea-3f0f732344a6,0.41195060341686085,1,2026-08-16 12:30:28.789481+00:00
19e21114-7032-49df-ab26-52891228de02,56708a11-777d-4533-a277-0945a620a787,2.437194652233036,1,2026-08-30 02:28:11.450234+00:00
19e21114-7032-49df-ab26-52891228de02,c8e2e647-56d8-4c00-98c0-9f106c9d7285,2.6012465891003353,1,2026-08-31 09:44:18.800140+00:00
1af53968-413d-435c-8025-64bb27104da6,0eaeb68f-f2b8-4c8a-8490-9ac3a8a8ac92,0.23807565969657074,1,2026-07-14 13:58:58.561662+00:00
1bc71c80-6ad5-41f4-a74c-529bf42fc0e8,627141ec-f676-4c19-a6f5-59994ad8e4ed,0.9292501849235355,1,2026-08-10 19:38:30.795445+00:00
1bc71c80-6ad5-41f4-a74c-529bf42fc0e8,83be4b48-b731-4b9f-ab90-7998d30b6c99,3.4400428646743526,1,2026-08-26 18:41:56.275965+00:00
1bc71c80-6ad5-41f4-a74c-529bf42fc0e8,89fe201f-dae9-405d-aa65-8b2d61192539,2.4701145938123803,1,2026-08-30 08:54:35.851111+00:00
1bc71c80-6ad5-41f4-a74c-529bf42fc0e8,9b4c6d22-c27c-42aa-ac4b-b7a8d89ae948,2.6976477829305527,1,2026-08-21 22:00:33.030225+00:00
1c150abd-aef1-4262-88c9-a2cf62c15698,e51ab844-bd48-4c09-a494-f89028af48e9,0.8085871816173207,1,2026-08-08 00:52:44.133116+00:00
1cf2e449-92bc-4cb9-9654-ada05e4c30a7,627141ec-f676-4c19-a6f5-59994ad8e4ed,3.884000422939477,1,2026-08-29 04:57:43.900831+00:00
1da75b54-0804-4637-91a3-51c7ad41781b,2698940f-6dbb-4e86-8033-64528914bd73,4.497974619952962,1,2026-09-01 03:24:27.862136+00:00
1da75b54-0804-4637-91a3-51c7ad41781b,55f8985a-74f0-4185-b79b-4ab0f0a9d118,4.819594939077857,1,2026-09-02 12:33:28.166251+00:00
1da75b54-0804-4637-91a3-51c7ad41781b,f1ef8c6a-a39d-4156-b569-fd363f7b6f16,0.8715326565712471,1,2026-08-31 12:11:45.396633+00:00
1df67d95-a0fb-4867-9c3e-779a608d6ef1,627141ec-f676-4c19-a6f5-59994ad8e4ed,2.8196518253278646,1,2026-09-02 00:26:14.693826+00:00
1df67d95-a0fb-4867-9c3e-779a608d6ef1,ef144e76-fc23-4a00-bd86-1f673140e039,0.3919731196017966,1,2026-08-15 12:38:49.594039+00:00
1dfc7160-febc-4134-b375-ef4ccae93b89,274c88c0-91b3-497d-8324-095a0dde3ccc,0.6917277889288168,1,2026-08-26 21:17:12.288765+00:00
1dfc7160-febc-4134-b375-ef4ccae93b89,325630ac-b40e-4a77-82ad-3286774a9030,2.9020038732525504,1,2026-09-02 14:15:20.492633+00:00
1dfc7160-febc-4134-b375-ef4ccae93b89,cdf57ab8-83ee-4d22-b098-bdb22be3c04c,1.7939686277641376,1,2026-08-23 23:23:22.236617+00:00
1e4ff9fa-7482-4c6a-a51a-4a408a233d8a,8d08fe86-92db-4ec0-944a-bf2b6ff879f7,0.18341685053549994,1,2026-07-31 08:07:11.390431+00:00
1ec352f3-34a8-45f4-945d-8d792cd01669,20161235-08fe-45bb-9583-0cd8bdf69030,0.9069536116050917,1,2026-08-10 07:59:03.370517+00:00
1ff51797-8ed2-4c79-8033-3f861bdcdf01,0cc3632c-7153-4f44-93ef-af999f80143c,0.8959934268636048,1,2026-09-01 01:28:55.988939+00:00
1ff51797-8ed2-4c79-8033-3f861bdcdf01,a011ebb7-c5ea-4e31-ac97-5c40a0bb715a,1.0073177728041063,1,2026-08-02 05:09:59.110385+00:00
2246636f-41f5-4a9f-9bf7-7049b84b6a21,af8aa979-04fc-4781-8ca2-9f8d877ee21e,0.9588764531449327,1,2026-08-11 10:42:22.744136+00:00
2246636f-41f5-4a9f-9bf7-7049b84b6a21,bc1e9eb8-ce85-446f-a37d-94d1c52e8ed8,0.12205224325366223,1,2026-07-23 04:36:35.809055+00:00
24fda731-9dff-4abc-a18d-4b0c71524787,4c775862-9da9-4b02-be7e-46fdf2b413cb,1.5535566050225313,1,2026-08-21 02:19:31.738881+00:00
24fda731-9dff-4abc-a18d-4b0c71524787,4f0866c1-c251-4c93-a93b-7d2a7a7be0a3,1.4447017213331228,1,2026-08-19 15:27:22.894361+00:00
272c5336-b012-4c83-8705-dfc0b499ab8c,bbf870c3-795d-464b-a263-661169a20df3,0.7201740147802562,1,2026-08-05 17:17:49.276675+00:00
27c7ce67-1ca5-4aab-8779-14a6b01b545f,09803a5c-4d4e-4305-a5a7-a8b3ed8ae3da,0.20275612618906572,1,2026-08-02 08:14:10.385189+00:00
2a3ac83d-44d5-4ef0-ad17-74ed31599096,f5a1e923-98cc-431d-833a-31b1938a9e7c,0.8591669539196327,1,2026-08-31 05:20:12.148107+00:00
2c94ac1b-a583-4b33-9e38-5c61619881f6,43e8253a-7fdc-4745-a2d1-ecd8778e29c3,0.6824052984661902,1,2026-08-26 14:46:25.490454+00:00
2c94ac1b-a583-4b33-9e38-5c61619881f6,537d6921-dacc-42a7-91c0-bf06eb231c81,0.4552929631011597,1,2026-07-27 13:11:31.795127+00:00
32510cc6-f2a8-4d1c-805e-57ed94dc51c3,6b8b445f-2083-41ce-a4dd-e27d6edb504a,0.759858707322376,1,2026-08-28 18:22:40.600040+00:00
32510cc6-f2a8-4d1c-805e-57ed94dc51c3,e3dca214-d16f-4a66-87b3-bd51c1e90009,2.7297981585802975,1,2026-09-01 08:53:32.136395+00:00
334ae279-e67b-4170-94b4-3399ba6d525c,284b9f48-6cd9-48dc-84e2-007a0b991106,1.6699414498703726,1,2026-08-22 13:00:05.361190+00:00
334ae279-e67b-4170-94b4-3399ba6d525c,2d9ef996-3efb-4351-833b-897e1a647597,0.7507089252633744,1,2026-08-28 12:33:46.725350+00:00
334ae279-e67b-4170-94b4-3399ba6d525c,bf092690-2f01-4150-a035-6bda27846f08,0.3265916599865707,1,2026-08-11 21:03:19.625557+00:00
334ae279-e67b-4170-94b4-3399ba6d525c,ec7ee147-45ff-42ef-8e51-c26e6f0a07ce,0.17488551366637894,1,2026-07-08 09:55:24.919538+00:00
334ae279-e67b-4170-94b4-3399ba6d525c,ef144e76-fc23-4a00-bd86-1f673140e039,2.834776500504473,1,2026-09-02 03:00:18.953203+00:00
34e5f6ff-e0d7-4466-ac39-98ce53d76bf2,2f5ec6f2-a8cf-4f8a-b46f-c0cab756f714,0.6736978020461527,1,2026-08-04 09:16:32.280647+00:00
34e5f6ff-e0d7-4466-ac39-98ce53d76bf2,46f26082-e68b-4b7d-948d-5afbcf93626c,0.3064202205763463,1,2026-07-19 15:07:12.035895+00:00
34eb7a42-53a3-4759-994d-250ab5f37033,157620d9-ab55-44d8-91db-b84ae521df87,2.496430514678748,1,2026-08-20 08:48:01.434922+00:00
34eb7a42-53a3-4759-994d-250ab5f37033,274c88c0-91b3-497d-8324-095a0dde3ccc,1.4100854675477568,1,2026-08-08 22:37:07.790742+00:00
34eb7a42-53a3-4759-994d-250ab5f37033,c36ed73b-720a-49ba-a440-7a8f514d0916,0.5154903001508757,1,2026-07-30 00:47:50.342655+00:00
354736d1-9fa6-436b-9e13-019852ece4e3,09803a5c-4d4e-4305-a5a7-a8b3ed8ae3da,2.357929472906939,1,2026-08-29 10:35:57.284696+00:00
354736d1-9fa6-436b-9e13-019852ece4e3,19072406-303f-47d9-8be5-c40c86a2b19f,0.30974699135911177,1,2026-08-10 19:38:13.667204+00:00
354736d1-9fa6-436b-9e13-019852ece4e3,b0eaa019-b26e-40a5-883d-ac7dfe69fab1,2.6030697069415125,1,2026-08-31 10:04:29.467432+00:00
354d9152-12c1-4771-8920-8dc5f834c7b5,a011ebb7-c5ea-4e31-ac97-5c40a0bb715a,0.3668253174605358,1,2026-08-14 04:49:10.226308+00:00
354d9152-12c1-4771-8920-8dc5f834c7b5,aa036e90-566e-4ba2-b866-38b45f867c91,0.2769180335299148,1,2026-08-08 13:51:38.478414+00:00
354d9152-12c1-4771-8920-8dc5f834c7b5,d682126c-9733-48d1-8778-80cf3136758e,0.16181764940931243,1,2026-07-06 20:38:45.896094+00:00
36c8103c-4abc-40f4-860b-fa8e6ab050f4,b624bea8-3e44-4bed-b779-0fc9f54102d0,0.05036191828675529,1,2026-07-05 11:42:26.230402+00:00
3a11961a-a7b7-4b4c-9890-949e5f05825f,63cf2c48-4369-4ffb-b49f-9d028b820638,2.5835348935576956,1,2026-08-31 06:27:32.736932+00:00
3a11961a-a7b7-4b4c-9890-949e5f05825f,6d0cf928-e7e0-4a4e-bf2c-2b35ec4d46c4,0.3105867140667087,1,2026-08-10 20:56:11.928960+00:00
3a715355-b71d-4ca7-9860-9a4e18ff2a23,6a66718c-d86c-46af-afb7-06cac8d77fdc,0.6575121179886451,1,2026-08-25 20:56:12.031849+00:00
3aa2c559-909d-4378-8724-9475adeb8d58,2057b1b0-b780-4b40-89af-b6e988757f34,0.34313456684305066,1,2026-08-12 20:46:23.646297+00:00
3aa2c559-909d-4378-8724-9475adeb8d58,2ca3a55f-db6b-47aa-a2ae-c3b5fb43efd9,2.656006744342344,1,2026-08-21 14:32:31.517632+00:00
3aa2c559-909d-4378-8724-9475adeb8d58,93297b81-adf1-4fdc-98b8-809061b98fe2,0.18022746250263982,1,2026-07-30 23:41:59.331941+00:00
3b2afe64-4195-4ba2-beb5-28ff6d4e2eae,7637c31b-840a-44a2-874a-4185e044457d,0.5846292752746227,1,2026-07-22 08:00:48.780527+00:00
3b7e2026-7253-4f31-b135-7976180610dd,56708a11-777d-4533-a277-0945a620a787,0.5830292616768858,1,2026-08-23 11:13:41.818973+00:00
3edaed50-55e4-484a-ba9f-580944048983,2ddbfb50-da21-4399-8c23-70870fdb6d41,0.23026290727017037,1,2026-08-04 21:18:02.783638+00:00
3edaed50-55e4-484a-ba9f-580944048983,8c4d3fa7-f8d0-485d-ba89-f8b4e0630f87,0.1999437611050581,1,2026-08-02 01:31:54.069141+00:00
3f062f0f-7456-4980-abf4-708e62f8acee,13a86f0c-99a9-44be-afd2-453651e27bc8,2.0528299868701865,1,2026-08-16 10:53:31.030910+00:00
3f062f0f-7456-4980-abf4-708e62f8acee,dde0c3a9-415f-4953-875c-bebf9ea1ca56,0.49236469485685086,1,2026-07-29 02:45:57.224414+00:00
4016925d-671b-431b-b75e-ac19cf005045,26b4b0b9-cb64-4f15-b135-fc92f0fb25c5,0.8085020347427561,1,2026-08-30 00:09:44.194302+00:00
42b408e4-e487-4993-9c29-e8f4fd60b8ff,2b3e2582-efaa-42d2-9af0-c57e5eb74333,2.9635893095151844,1,2026-09-03 00:20:07.886357+00:00
42b408e4-e487-4993-9c29-e8f4fd60b8ff,753b9b94-bb31-4db2-8187-dc7b227b4ab4,0.2586199757690227,1,2026-07-06 00:31:00.496895+00:00
4474b60b-26aa-4527-a363-70e0b1786d79,1a8f3074-aa2e-4b73-af21-d6991293d908,0.5062812467160814,1,2026-07-19 10:56:54.480239+00:00
4524b2e2-d928-4fe2-91df-7be94fe02005,2c44bac4-9e1a-48a5-94c4-1d910dc8fe2e,0.3484236099936232,1,2026-07-11 23:35:06.968028+00:00
4624fa85-5ac9-46dc-b86d-44ca211dc538,0f3566ed-bb39-4d47-b959-609b1adadabb,0.43467718545668305,1,2026-07-26 14:57:00.710032+00:00
4624fa85-5ac9-46dc-b86d-44ca211dc538,20161235-08fe-45bb-9583-0cd8bdf69030,0.2919265424641968,1,2026-07-08 10:39:54.727464+00:00
471bb4c8-5fcf-40d4-8513-47d746ad0aa9,8f0a817b-e98f-4e42-8149-9b06ea37eb52,0.297452151982576,1,2026-08-10 00:11:45.469966+00:00
484ec8ff-3084-40ac-8cc1-a8e715a8703c,19072406-303f-47d9-8be5-c40c86a2b19f,0.6197847313731624,1,2026-07-23 12:02:34.098816+00:00
484ec8ff-3084-40ac-8cc1-a8e715a8703c,8c4d3fa7-f8d0-485d-ba89-f8b4e0630f87,0.3123515913366608,1,2026-08-10 23:39:23.319394+00:00
484ec8ff-3084-40ac-8cc1-a8e715a8703c,ad0378c0-1a1f-41b7-bc5c-03cd98654195,2.8067896464716737,1,2026-09-01 22:14:34.181969+00:00
48c1a931-977a-41f4-99a6-64f3a90ba663,2b3e2582-efaa-42d2-9af0-c57e5eb74333,2.869935278121254,1,2026-09-02 08:55:18.937962+00:00
48c1a931-977a-41f4-99a6-64f3a90ba663,f10de9d8-443a-4281-99ac-1dbeb3b48d12,2.344000579611556,1,2026-08-29 07:45:19.277004+00:00
4a99c6ac-6669-47d0-994e-feb06fc10189,20161235-08fe-45bb-9583-0cd8bdf69030,0.6995884952906253,1,2026-08-27 02:42:38.323613+00:00
4a99c6ac-6669-47d0-994e-feb06fc10189,93297b81-adf1-4fdc-98b8-809061b98fe2,0.25013156756756827,1,2026-08-06 13:01:41.254011+00:00
4d10b570-69c4-4096-bb5a-6214c50650e9,2fe5a43a-8b88-4906-ad9c-aabfcc98080f,4.688993298380305,1,2026-09-01 23:22:16.591532+00:00
4dbfe743-bac7-4b59-b1e5-7a0f20ae6ace,4f0866c1-c251-4c93-a93b-7d2a7a7be0a3,0.6705690160082256,1,2026-08-26 06:22:30.448037+00:00
4df5b449-7512-4e85-8670-a3796cc912b4,2e00f95e-c1e4-4237-a55b-46b017700539,0.548516042862793,1,2026-07-31 06:36:15.757517+00:00
50c46453-a481-4da6-82a7-0c8a50e87db6,c64c6548-7bf9-4f55-bc92-bfdd11c5195c,0.859987071731038,1,2026-08-09 06:27:38.788933+00:00
5387b842-a6de-49a7-bad2-f07bebc14b78,0a80c24f-e5e5-48ba-922b-fa618b2f7237,2.0963987089026794,1,2026-08-16 20:58:21.881280+00:00
5387b842-a6de-49a7-bad2-f07bebc14b78,cfe63bb8-bf95-4ff3-af16-0f7836dd5082,0.3187001022390292,1,2026-08-11 09:18:52.569090+00:00
5387b842-a6de-49a7-bad2-f07bebc14b78,ef144e76-fc23-4a00-bd86-1f673140e039,4.839319324698936,1,2026-09-02 14:31:05.643893+00:00
5461a3b4-38ff-4a07-96cc-e1684cb61c8d,40b6cd9c-0e08-49c8-91f6-8926e2cbb76a,2.67334367114524,1,2026-08-21 17:39:54.281894+00:00
5461a3b4-38ff-4a07-96cc-e1684cb61c8d,574708b3-8357-4010-92ac-fe561d3e3754,4.579073332635695,1,2026-09-01 11:59:06.250193+00:00
56245117-fa56-40b0-abda-61a008e9c55d,540a953c-6197-4468-ba13-db83cdea11a1,0.05666364571962114,1,2026-07-07 20:17:53.172962+00:00
563e6f83-b198-4213-b917-b3ed5ee8c663,13a86f0c-99a9-44be-afd2-453651e27bc8,0.06685901470277839,1,2026-07-11 03:42:56.489239+00:00
5684d7a3-b32b-45e5-8ee6-08f6e1d821e6,43e8253a-7fdc-4745-a2d1-ecd8778e29c3,2.8486567114474406,1,2026-09-02 05:20:59.292449+00:00
573fab6f-8393-473e-b2f3-5332639137ab,2f5ec6f2-a8cf-4f8a-b46f-c0cab756f714,0.7466491177818981,1,2026-08-28 09:57:36.401998+00:00
57a6e30d-75ed-4546-9cf5-e243d36df54a,2698940f-6dbb-4e86-8033-64528914bd73,0.14181882120228403,1,2026-07-26 04:39:30.612585+00:00
57a6e30d-75ed-4546-9cf5-e243d36df54a,26b4b0b9-cb64-4f15-b135-fc92f0fb25c5,0.18066095939115562,1,2026-07-09 01:31:08.624448+00:00
57e1aebe-4916-43b7-9e56-aaa2c7f84f54,74852880-a408-4878-a907-ea713fbf3b01,0.09635143398244643,1,2026-07-18 11:06:55.568176+00:00
5bef9134-e26f-4c9a-a207-563459d8df06,17119014-7c3e-4b2d-89d4-1df8cbfa530f,0.9589437933521907,1,2026-09-02 10:04:26.129095+00:00
5df83905-1414-4356-9eb7-5bf8197e85aa,26b4b0b9-cb64-4f15-b135-fc92f0fb25c5,0.071858045843558,1,2026-07-12 14:19:36.423115+00:00
5df83905-1414-4356-9eb7-5bf8197e85aa,b76f4ca7-7e6d-408c-9b9b-bc5199fcaa82,1.317022612562711,1,2026-08-07 13:50:45.609130+00:00
5f222aa7-facf-41d7-a52a-e268fd09afda,0a804a9d-d0f0-40f4-a18f-9a67e97cfde4,0.5416525053666463,1,2026-08-21 23:53:39.047745+00:00
5f222aa7-facf-41d7-a52a-e268fd09afda,2b3e2582-efaa-42d2-9af0-c57e5eb74333,0.6009936626322009,1,2026-07-22 21:15:52.744972+00:00
5f222aa7-facf-41d7-a52a-e268fd09afda,c36ed73b-720a-49ba-a440-7a8f514d0916,2.8502718150658737,1,2026-09-02 05:37:18.739415+00:00
5f5bedb5-5710-4e51-be85-dd92c98955a5,f10de9d8-443a-4281-99ac-1dbeb3b48d12,0.48873157366469056,1,2026-08-19 22:32:41.203998+00:00
60df3709-bb14-4662-942a-db23cd59d25e,c64c6548-7bf9-4f55-bc92-bfdd11c5195c,0.302696740333119,1,2026-07-09 04:03:18.860430+00:00
62be2e29-965d-4bc4-ac39-17d20b489284,423e8ff7-eb17-42ab-a82e-688db4ec3bcb,1.8725404643628527,1,2026-08-24 19:57:54.286848+00:00
62be2e29-965d-4bc4-ac39-17d20b489284,8e4c4a25-da11-4b44-9a4b-f8561ad875fa,0.121375210291956,1,2026-07-23 01:56:23.779209+00:00
689e3360-0d08-4484-b292-f6d3bf576961,aebaf185-4dea-4c74-b487-70ff82b5db1a,2.240561474095001,1,2026-08-28 10:05:30.098492+00:00
6923a6ff-95d3-418e-8644-e76e9df9870d,369cf711-fb2f-4385-a966-f50fba380ce7,0.8274376216082766,1,2026-08-08 11:56:26.270079+00:00
6923a6ff-95d3-418e-8644-e76e9df9870d,bf092690-2f01-4150-a035-6bda27846f08,0.575363884072715,1,2026-08-23 04:52:32.267493+00:00
6d982885-9151-450b-a3d0-8ae3d3834bab,20161235-08fe-45bb-9583-0cd8bdf69030,0.6298458425479727,1,2026-08-25 00:18:08.596417+00:00
6fc8bca8-acda-4e97-be63-10b678669e6c,e51ab844-bd48-4c09-a494-f89028af48e9,0.5997574012582211,1,2026-08-24 00:48:23.250677+00:00
7089edbc-8498-4eb7-842e-0cf96bdbab15,954126ab-b311-4140-9b47-5cc3deab6f17,0.7010320456506637,1,2026-08-27 03:42:00.253247+00:00
715446d7-31e5-4272-9046-63ac1970ec63,62215c9a-1d41-4b2b-8781-75bf0f8b0931,0.9915905305233664,1,2026-09-03 02:08:35.744856+00:00
723df805-7494-46a8-a560-bedb66a1627f,274c88c0-91b3-497d-8324-095a0dde3ccc,2.0515011206928646,1,2026-08-26 15:46:38.753813+00:00
72ff2567-cb58-4327-80d7-bce760a0fc83,274c88c0-91b3-497d-8324-095a0dde3ccc,0.40501651693078417,1,2026-08-16 04:21:34.954889+00:00
72ff2567-cb58-4327-80d7-bce760a0fc83,6045a6aa-b3c3-43bd-b6f4-6a2fd33cdd47,3.6405016663208203,1,2026-08-27 21:53:05.980684+00:00
72ff2567-cb58-4327-80d7-bce760a0fc83,62215c9a-1d41-4b2b-8781-75bf0f8b0931,1.626608646704358,1,2026-08-22 00:22:53.989079+00:00
771a3ab5-1bc8-4fd6-9724-78014e35a1f9,20161235-08fe-45bb-9583-0cd8bdf69030,2.8933971895435224,1,2026-09-02 12:49:48.022862+00:00
771a3ab5-1bc8-4fd6-9724-78014e35a1f9,2b3e2582-efaa-42d2-9af0-c57e5eb74333,1.5976885847362414,1,2026-08-11 10:34:28.179495+00:00
771a3ab5-1bc8-4fd6-9724-78014e35a1f9,62215c9a-1d41-4b2b-8781-75bf0f8b0931,0.25796437441147235,1,2026-08-07 03:49:43.169804+00:00
771a3ab5-1bc8-4fd6-9724-78014e35a1f9,9012619b-f548-4b85-b2de-3de184b3467a,0.1419479095093755,1,2026-07-26 05:05:42.781454+00:00
77c23bbe-c693-4764-bab6-6ccef2a47c50,e51ab844-bd48-4c09-a494-f89028af48e9,4.938468448360382,1,2026-09-03 00:15:11.517729+00:00
77f4be0c-7c5a-415d-8bc4-4662996bc919,00be2cb2-54e9-49e5-8a36-c61d3b5376a6,0.11048413830765356,1,2026-07-21 04:48:46.389250+00:00
77f4be0c-7c5a-415d-8bc4-4662996bc919,740db0bd-9ce8-4cb4-9b25-35c6ebac2226,0.25411828135347303,1,2026-07-15 21:17:03.709158+00:00
77f4be0c-7c5a-415d-8bc4-4662996bc919,c02f801e-307c-484c-ad97-5729f8a89449,0.5951655645023731,1,2026-08-23 21:07:02.506731+00:00
78e9f7e7-e063-421e-b321-cc7fbdf4a66b,2698940f-6dbb-4e86-8033-64528914bd73,0.35438208375925995,1,2026-08-13 12:15:16.779047+00:00
78e9f7e7-e063-421e-b321-cc7fbdf4a66b,ad0378c0-1a1f-41b7-bc5c-03cd98654195,0.7997706472759895,1,2026-08-29 18:57:01.224627+00:00
7ae971d7-24f3-4efe-bd2b-4e6ebecf07cd,274c88c0-91b3-497d-8324-095a0dde3ccc,0.9430591131719608,1,2026-08-11 02:43:20.452215+00:00
7ae971d7-24f3-4efe-bd2b-4e6ebecf07cd,3f4cc9ef-f459-43bf-88bb-92a8fa082b3d,0.4922306265763541,1,2026-08-20 01:58:08.669976+00:00
7ae971d7-24f3-4efe-bd2b-4e6ebecf07cd,61465177-3a20-4e19-83bb-cc14b4788cda,0.24880619775730883,1,2026-07-15 11:08:38.737865+00:00
7ae971d7-24f3-4efe-bd2b-4e6ebecf07cd,93297b81-adf1-4fdc-98b8-809061b98fe2,0.26490962769613846,1,2026-07-16 17:14:49.340481+00:00
7b52d563-5510-4d81-982a-9572b8231e94,4440670a-2e97-4ccf-8b2f-286a0a59c6a0,0.22299695367414357,1,2026-07-13 06:34:34.812621+00:00
7b52d563-5510-4d81-982a-9572b8231e94,bf82f0f8-2fc1-4116-823c-cf46df6bb129,0.6531566441757635,1,2026-08-03 18:24:45.346339+00:00
7c0e9ae2-abb3-43d8-9714-bd1981eeb4a7,4339692f-0a1f-443b-b4da-7040ee3940f1,0.5583615045907231,1,2026-08-22 14:28:39.054729+00:00
7c0e9ae2-abb3-43d8-9714-bd1981eeb4a7,55f8985a-74f0-4185-b79b-4ab0f0a9d118,0.5633945792077331,1,2026-08-22 18:47:05.476180+00:00
7c0e9ae2-abb3-43d8-9714-bd1981eeb4a7,8e757553-8ea9-4d4f-9a5f-afb6488460dd,3.7891329084242384,1,2026-08-28 17:05:33.138437+00:00
7c0e9ae2-abb3-43d8-9714-bd1981eeb4a7,9232597a-e625-435c-9c0a-2292447a4daa,2.805424908991188,1,2026-09-01 22:00:33.777031+00:00
7c4c51f1-0466-4a85-87f3-8355a2f147c2,2ceded4a-d697-4076-8f0b-d6dcd9868fd6,0.5190909353450801,1,2026-08-21 03:28:20.283109+00:00
7f5c80be-9b69-4c2f-8159-809e47db56c8,e8f13b7d-8e54-4f1d-9fc4-c5697b3143bd,0.21174741286362364,1,2026-07-12 05:43:46.629025+00:00
808650b5-6019-4992-a643-a2f680f787be,2b3e2582-efaa-42d2-9af0-c57e5eb74333,0.1502594887216599,1,2026-07-27 08:24:32.147737+00:00
808650b5-6019-4992-a643-a2f680f787be,bbb3fc20-4676-4a8f-88b6-ea22d23c895f,4.743944261568169,1,2026-09-02 04:57:49.522113+00:00
82f5d440-144d-45d6-8ffc-c3ce20b1219f,f5a1e923-98cc-431d-833a-31b1938a9e7c,2.2541439416553013,1,2026-08-28 12:59:33.753066+00:00
83ab3e8c-20c1-4546-96d3-8ae82e493b2c,48338ab3-5825-4928-b94e-24aadc57627d,2.712873233208892,1,2026-09-01 05:54:25.073709+00:00
83ab3e8c-20c1-4546-96d3-8ae82e493b2c,4f0866c1-c251-4c93-a93b-7d2a7a7be0a3,2.056656237904798,1,2026-08-16 11:47:08.836415+00:00
856ccb73-e51f-4c43-ac61-cb313269b8a7,63cf2c48-4369-4ffb-b49f-9d028b820638,0.3899652026854807,1,2026-07-24 10:50:52.976766+00:00
856ccb73-e51f-4c43-ac61-cb313269b8a7,be7dd977-5fa8-4478-a0eb-cfeef341e497,0.9778534488829334,1,2026-08-11 20:06:47.350784+00:00
8721f7bd-0abb-4c6c-8ee7-4c2c1816e45c,43de6e56-1292-4804-b31a-b3dd64b5145d,0.43971937046037723,1,2026-08-17 19:49:11.899886+00:00
8721f7bd-0abb-4c6c-8ee7-4c2c1816e45c,954126ab-b311-4140-9b47-5cc3deab6f17,0.9394273077633699,1,2026-08-11 00:52:12.922014+00:00
8787b054-9cd0-4ea2-9940-8a4f7b05e438,2f5ec6f2-a8cf-4f8a-b46f-c0cab756f714,2.2715104953045993,1,2026-08-28 16:40:35.725417+00:00
8787b054-9cd0-4ea2-9940-8a4f7b05e438,6045a6aa-b3c3-43bd-b6f4-6a2fd33cdd47,2.4097854931987377,1,2026-08-29 21:02:27.928183+00:00
8873781a-4dc5-4524-ba23-9426b6fecbd1,a011ebb7-c5ea-4e31-ac97-5c40a0bb715a,2.349810242004496,1,2026-08-19 03:44:50.190255+00:00
88c02df3-b2fd-4097-95f1-487447a398cf,b624bea8-3e44-4bed-b779-0fc9f54102d0,2.7412350822335405,1,2026-09-01 10:53:56.743518+00:00
88c02df3-b2fd-4097-95f1-487447a398cf,d14ef089-b540-430d-a030-c9ae453345e0,0.9354028032139121,1,2026-09-01 22:08:36.306468+00:00
88dc4537-722d-40ee-a1cf-cf58144e9feb,0323a351-5961-4f90-a467-3891529c2edb,0.21190987418950086,1,2026-07-12 06:05:51.913369+00:00
88dc4537-722d-40ee-a1cf-cf58144e9feb,4e236793-d76e-49b7-b1a4-908fae2c0a9f,1.7922605063942831,1,2026-08-23 22:55:56.143275+00:00
89284e24-98c9-4269-9b35-bcfd80e5f15b,a011ebb7-c5ea-4e31-ac97-5c40a0bb715a,0.678179364249677,1,2026-08-26 11:47:31.225974+00:00
8a3b5998-467c-4db1-8a3e-3aad895b794c,3f4cc9ef-f459-43bf-88bb-92a8fa082b3d,0.702848184582539,1,2026-08-05 05:36:29.098148+00:00
8a3b5998-467c-4db1-8a3e-3aad895b794c,ddd72ced-e844-4564-996d-49aa8819a9b5,0.6714466712576349,1,2026-08-26 07:00:10.613103+00:00
8b347190-f7eb-4396-b5b8-89169274704a,220ae712-48a9-4485-be66-8f82360b92f1,0.5107523739719465,1,2026-08-20 19:41:56.707703+00:00
8efd9109-1544-4d8f-9d5a-c3598061fe9c,274c88c0-91b3-497d-8324-095a0dde3ccc,2.311561131573651,1,2026-08-18 19:52:11.176999+00:00
8efd9109-1544-4d8f-9d5a-c3598061fe9c,fb020197-67c9-49a8-b991-496f3fc21c92,0.8306012612285125,1,2026-08-08 13:46:20.537505+00:00
8f05240d-d20a-4964-8007-17dcbe2c2195,93297b81-adf1-4fdc-98b8-809061b98fe2,0.48671904058697923,1,2026-08-19 20:33:50.833599+00:00
924dc5ec-363b-45b4-898b-bb000275e60d,31a4ae34-9dd7-44ec-a546-90dd7fa7bb99,0.5459604836433282,1,2026-08-22 03:41:48.154934+00:00
924dc5ec-363b-45b4-898b-bb000275e60d,63cf2c48-4369-4ffb-b49f-9d028b820638,0.22325486040982173,1,2026-07-13 07:07:52.173191+00:00
92938329-ecaa-4dea-b2e9-2e6cc1e38b2d,2b4de91d-1ad5-4b81-9032-45f954537710,2.654802807814508,1,2026-08-21 14:19:28.058035+00:00
92938329-ecaa-4dea-b2e9-2e6cc1e38b2d,4f0866c1-c251-4c93-a93b-7d2a7a7be0a3,0.31929557666383723,1,2026-08-11 10:12:38.233899+00:00
93741b83-40b9-4da5-97bf-dac7a25831e8,09dde2b6-815c-4310-8a75-4bc179e81958,0.35963116057278616,1,2026-08-13 19:18:44.061653+00:00
93741b83-40b9-4da5-97bf-dac7a25831e8,13a86f0c-99a9-44be-afd2-453651e27bc8,0.40334723928512,1,2026-08-16 02:22:38.277002+00:00
94f038fe-2e1a-4365-82eb-7949dc928a02,76a8fd8e-08db-4c10-8b88-e19e618037e3,2.157146585040466,1,2026-08-27 15:52:49.485411+00:00
94f32ef2-d4bf-4a01-ba61-85bf99df8bbc,358678b2-f6ec-4523-8fea-29fd47ff2927,0.8687812747058485,1,2026-08-31 10:40:41.564230+00:00
94f32ef2-d4bf-4a01-ba61-85bf99df8bbc,6920507a-2d63-401b-9774-1c3d2936adf3,0.7818591674046421,1,2026-08-29 08:04:41.395349+00:00
94f32ef2-d4bf-4a01-ba61-85bf99df8bbc,c04fe533-cfe9-4bf3-89a4-d3f58ae58463,0.7914284036378072,1,2026-08-29 13:55:02.147600+00:00
9605dd6a-f30d-4b71-9385-d4876cdee392,0fa31232-fc82-47ff-93ce-9300752b3b69,1.674776068430492,1,2026-08-22 14:23:20.836380+00:00
9605dd6a-f30d-4b71-9385-d4876cdee392,a011ebb7-c5ea-4e31-ac97-5c40a0bb715a,2.4376835972240736,1,2026-08-19 21:22:11.405412+00:00
964beff9-e120-43f4-a7e7-e56c0f3e4444,20161235-08fe-45bb-9583-0cd8bdf69030,0.061418726796224954,1,2026-07-09 10:58:38.781182+00:00
964beff9-e120-43f4-a7e7-e56c0f3e4444,82df884f-7f06-4d79-9074-d492223285ba,1.6756086915582251,1,2026-08-22 14:37:39.706568+00:00
9681fd98-b279-4bd1-8515-b73312f0f747,46f33222-8070-464b-bd39-6608da3310ff,0.6345093139719793,1,2026-08-03 04:30:33.795037+00:00
97024041-21c5-46e1-b17d-e672f680b725,1a8f3074-aa2e-4b73-af21-d6991293d908,1.6428014982512673,1,2026-08-11 23:56:24.451634+00:00
97024041-21c5-46e1-b17d-e672f680b725,a287fe6d-c136-4b9a-ab1a-b79b50082d44,0.2520048135592058,1,2026-07-15 17:16:32.067477+00:00
9aeb316e-cab9-4633-b091-e149c9bab1c0,36c64f33-73d9-46cc-bbe9-ed40926a95dd,0.566360341656758,1,2026-08-22 21:18:17.973568+00:00
9aeb316e-cab9-4633-b091-e149c9bab1c0,537d6921-dacc-42a7-91c0-bf06eb231c81,2.762547820828874,1,2026-09-01 14:36:59.755540+00:00
9aeb316e-cab9-4633-b091-e149c9bab1c0,55f8985a-74f0-4185-b79b-4ab0f0a9d118,0.524827386105019,1,2026-08-21 08:44:51.590160+00:00
9b0574f3-83d6-462b-b49f-4ab33e682cd5,6a66718c-d86c-46af-afb7-06cac8d77fdc,2.435353830467305,1,2026-08-19 20:54:39.114691+00:00
9b0574f3-83d6-462b-b49f-4ab33e682cd5,c04fe533-cfe9-4bf3-89a4-d3f58ae58463,2.423592347414936,1,2026-08-19 18:35:13.563123+00:00
9be3ca8f-b8e7-4338-9341-8b40bc9ab17c,4cf9f7bb-ada0-4172-8509-a57e415ae56e,0.8521735185891054,1,2026-08-31 01:24:49.039683+00:00
9be3ca8f-b8e7-4338-9341-8b40bc9ab17c,76a8fd8e-08db-4c10-8b88-e19e618037e3,2.584644547833388,1,2026-08-31 06:39:54.771004+00:00
9be3ca8f-b8e7-4338-9341-8b40bc9ab17c,7a25572d-94b5-43b1-aea3-bc72447faee5,1.443460099578128,1,2026-08-19 15:02:37.158687+00:00
9be6bf2f-d1ad-42ba-9e6a-af7051212ab7,537d6921-dacc-42a7-91c0-bf06eb231c81,2.232165587079465,1,2026-08-28 08:17:22.732013+00:00
9be6bf2f-d1ad-42ba-9e6a-af7051212ab7,93297b81-adf1-4fdc-98b8-809061b98fe2,0.09734607275877258,1,2026-07-18 16:02:42.321259+00:00
9be6bf2f-d1ad-42ba-9e6a-af7051212ab7,aebaf185-4dea-4c74-b487-70ff82b5db1a,0.06326778965556547,1,2026-07-10 01:12:53.960501+00:00
9c1fe3b9-030a-4655-84a6-170d1012ad7f,39a813cf-80b2-4f4c-a01f-27d81ec4ad6a,0.4275241243923831,1,2026-07-16 01:47:21.440339+00:00
9c31aed1-6bfa-4107-b9f1-d72fa69a2753,954126ab-b311-4140-9b47-5cc3deab6f17,0.3434583428454696,1,2026-07-11 16:41:44.676551+00:00
9ce3f808-a17b-444f-8889-f2ca38f635f2,20161235-08fe-45bb-9583-0cd8bdf69030,0.2064525875948373,1,2026-08-02 16:54:29.950360+00:00
9ce3f808-a17b-444f-8889-f2ca38f635f2,247520dd-2908-4d32-8dd1-0470668051c7,0.5161513566083811,1,2026-07-30 01:24:44.882379+00:00
9fb5293f-b2ea-4abe-8c06-b71b8840b40e,0cdb1f80-8d69-4b0f-8fc9-0e580d5f0b2c,0.10299895018430677,1,2026-07-19 19:08:21.711257+00:00
9fb5293f-b2ea-4abe-8c06-b71b8840b40e,13a86f0c-99a9-44be-afd2-453651e27bc8,0.4957905683877739,1,2026-07-19 00:53:52.334025+00:00
9fb5293f-b2ea-4abe-8c06-b71b8840b40e,8e757553-8ea9-4d4f-9a5f-afb6488460dd,0.5410672852402552,1,2026-07-31 00:02:29.012571+00:00
9ff1f97a-d0ba-4bf4-ab69-9594277e294a,aecfa39f-0380-431f-81c4-44563c198223,0.9798989943567481,1,2026-08-01 15:55:11.654353+00:00
a1a9ed66-a127-41cb-b50b-82cf82078851,007ec38c-e135-4904-abcb-f317f230156b,0.7961240224206813,1,2026-08-07 17:25:22.204078+00:00
a1a9ed66-a127-41cb-b50b-82cf82078851,b76f4ca7-7e6d-408c-9b9b-bc5199fcaa82,0.0705988859001188,1,2026-07-12 05:50:28.452987+00:00
a378b4ce-a44c-47a5-b8a5-a8ce15336a07,05158336-fd14-491b-83c1-764c02ffb3e4,0.8513763818117617,1,2026-08-31 00:57:51.884293+00:00
a378b4ce-a44c-47a5-b8a5-a8ce15336a07,f4db29e8-5cee-444e-bc4b-118c84ee4251,0.07493166089528083,1,2026-07-13 10:25:51.841562+00:00
a41a95c6-aace-4cec-a467-dd372a493eb1,3f2e3e16-ed2d-4680-b7a4-92ead7568dbb,0.6596878678039249,1,2026-08-25 22:31:20.654899+00:00
a4806f9e-cea0-4ce7-91e7-5f64f0cffa58,361add66-4881-4e83-a8cf-17a3166b713d,0.6434148555248962,1,2026-08-03 11:11:58.205191+00:00
a4806f9e-cea0-4ce7-91e7-5f64f0cffa58,897ae5ab-2659-4789-af1f-974e2092fc4d,2.4913554368616775,1,2026-08-30 13:01:11.627688+00:00
a50f80f0-0b3f-4905-97aa-12a683d56eb1,69dd21e2-e81e-47b0-a3bc-2f4f0c37b7a8,0.6539561994932382,1,2026-08-25 18:20:01.401791+00:00
a9567673-7b96-498f-8cc8-a11665a06ea8,01a52ab1-55f1-42fb-ba09-bc81d6e4ecc8,0.9483535473391821,1,2026-09-02 04:44:36.532605+00:00
a9567673-7b96-498f-8cc8-a11665a06ea8,13a86f0c-99a9-44be-afd2-453651e27bc8,2.9351845386295334,1,2026-09-02 19:42:45.843540+00:00
a9567673-7b96-498f-8cc8-a11665a06ea8,46770e61-4dff-4133-afff-282fb161a2b9,0.9024329000857862,1,2026-09-01 04:55:10.649069+00:00
a96b81ad-1b0c-42cb-a3cd-95c10e287a47,a257d240-98d6-4ad5-8091-1c73be60ccc2,0.1620063129757582,1,2026-07-06 21:12:19.401687+00:00
aadfdb0c-ee2f-4e4f-a190-b511a0235263,43c5ad13-7a49-4c89-b915-b9f7e07b35da,0.5664450921215006,1,2026-07-21 16:50:47.820382+00:00
af8ed3f7-2580-4eef-becc-64826ebb8ac4,a011ebb7-c5ea-4e31-ac97-5c40a0bb715a,4.96449559825099,1,2026-09-03 02:46:34.660585+00:00
b094828c-05a5-415e-82f1-f4be09a62884,17119014-7c3e-4b2d-89d4-1df8cbfa530f,1.0098135876537373,1,2026-08-12 11:33:01.930447+00:00
b094828c-05a5-415e-82f1-f4be09a62884,bbb3fc20-4676-4a8f-88b6-ea22d23c895f,0.8108464834038951,1,2026-08-30 01:33:07.700430+00:00
b094828c-05a5-415e-82f1-f4be09a62884,dd5ceff9-57f0-4559-8418-203b9cdd7543,2.8894016459484844,1,2026-09-02 12:10:00.147846+00:00
b105c128-482a-4d72-ba70-14d642e0ea25,43dedc49-26ad-48fa-9f00-342478bb6398,1.9907026618280053,1,2026-08-15 20:08:26.740136+00:00
b36d7631-f778-4a68-ad4d-bfb197fc381e,6fe8ce42-52d3-4091-a02d-7ddc7a04d29d,0.20259757235752782,1,2026-08-02 07:51:38.573002+00:00
b5a4700e-696a-4ca4-a324-35c2dc358107,7d5a7711-995e-44ed-8cd6-fe1c23960c94,0.4295082830909985,1,2026-08-17 08:32:31.326206+00:00
b5a4700e-696a-4ca4-a324-35c2dc358107,954126ab-b311-4140-9b47-5cc3deab6f17,2.318523737816453,1,2026-08-29 02:30:34.905459+00:00
b65f63dd-b8c8-491a-8228-0123cfaa4ad5,01a9b000-37ed-4cbe-bddb-decfc6eee45d,0.6602313666508912,1,2026-08-03 23:35:01.686032+00:00
b65f63dd-b8c8-491a-8228-0123cfaa4ad5,274c88c0-91b3-497d-8324-095a0dde3ccc,0.07855340296783977,1,2026-07-14 09:05:17.201671+00:00
b65f63dd-b8c8-491a-8228-0123cfaa4ad5,74d2b5a0-19d3-45ab-98a8-9b3b175a107b,0.9460966392693616,1,2026-08-11 04:15:57.272623+00:00
b6695b91-da67-4b4f-98ac-da08406dbdda,7d5a7711-995e-44ed-8cd6-fe1c23960c94,0.4602725652785547,1,2026-07-17 13:13:01.887436+00:00
b78263e8-ace1-434a-b55f-baa41233064d,22357198-1e57-43b4-b56f-1798d76613df,0.07997280908259242,1,2026-07-14 17:41:02.233194+00:00
b8b51b51-cdc1-4a35-9506-7fa7f62ca641,f5a1e923-98cc-431d-833a-31b1938a9e7c,2.026944224362725,1,2026-08-26 09:59:49.437475+00:00
b8c5c3db-8188-47c6-95d8-19daa34674f8,88901122-90ba-4c7e-bf14-be1bbb31fce2,1.892433971986953,1,2026-08-25 01:02:15.394154+00:00
b8e49cc3-1626-461d-ac05-b885edd693d0,662a46c9-9f21-46c2-9ca7-5f3a804c90e6,0.12093832569421369,1,2026-07-23 00:12:32.700125+00:00
b8e49cc3-1626-461d-ac05-b885edd693d0,a363ab58-4f29-49af-b9e9-e6765f42f8b2,0.6522002624476407,1,2026-08-25 17:02:35.310559+00:00
ba200dc0-7b28-46b8-a214-abef06d064a7,40b6cd9c-0e08-49c8-91f6-8926e2cbb76a,0.3398673655664774,1,2026-07-11 11:39:02.720152+00:00
bb7535c5-5ef7-45ad-86e2-c00fdc90eea4,6f6345ff-9f09-4e63-b849-5756a5a9ac9a,0.738036003189429,1,2026-07-26 23:51:38.146446+00:00
bb7535c5-5ef7-45ad-86e2-c00fdc90eea4,83be4b48-b731-4b9f-ab90-7998d30b6c99,0.09936898252960005,1,2026-07-19 01:55:03.183197+00:00
bcd15739-1dc6-4259-b2e9-840519722466,20df62d8-e69b-44ce-bc32-e6f0de52ddfc,0.3361653775077777,1,2026-08-12 10:55:26.020201+00:00
bd8bfb1e-db97-462f-a6ed-b0366e5874f2,1a8f3074-aa2e-4b73-af21-d6991293d908,0.5565831341093568,1,2026-08-22 12:56:46.625338+00:00
bd8bfb1e-db97-462f-a6ed-b0366e5874f2,6920507a-2d63-401b-9774-1c3d2936adf3,0.582369269636297,1,2026-08-23 10:41:04.606333+00:00
be5b4df2-0af6-46aa-9102-516777c027f2,423e8ff7-eb17-42ab-a82e-688db4ec3bcb,2.2287971177212156,1,2026-08-18 02:22:06.430823+00:00
bef82929-860f-4645-972d-20912667ff58,423e8ff7-eb17-42ab-a82e-688db4ec3bcb,1.0912371747579996,1,2026-08-14 00:46:21.985515+00:00
bef82929-860f-4645-972d-20912667ff58,4e95e13b-7d2a-4268-8f25-8c0cda824673,0.6771077617258947,1,2026-08-26 11:01:58.624872+00:00
c26ea14f-ef65-4360-9c16-cd142e149555,8e757553-8ea9-4d4f-9a5f-afb6488460dd,1.4633924084807257,1,2026-08-19 21:37:35.347380+00:00
c26ea14f-ef65-4360-9c16-cd142e149555,e19374cd-9b1e-4641-be7d-3da4950bc319,0.07594668209672902,1,2026-07-13 16:53:22.137957+00:00
c3d18631-1431-4f1b-ae52-578ff8587eb7,4f0866c1-c251-4c93-a93b-7d2a7a7be0a3,0.538490365107538,1,2026-08-21 21:05:01.508432+00:00
c3d18631-1431-4f1b-ae52-578ff8587eb7,627141ec-f676-4c19-a6f5-59994ad8e4ed,0.5984444137707795,1,2026-07-22 19:13:27.457621+00:00
c3d18631-1431-4f1b-ae52-578ff8587eb7,83be4b48-b731-4b9f-ab90-7998d30b6c99,0.09153499676775441,1,2026-07-17 10:30:02.172433+00:00
c4220ec6-e647-4393-b9a2-64f505425017,74852880-a408-4878-a907-ea713fbf3b01,0.6420292115597401,1,2026-08-25 09:29:54.844622+00:00
c4220ec6-e647-4393-b9a2-64f505425017,7c85e5ec-d8c1-44a8-bc52-73ef1f8b47fa,0.09138132039943626,1,2026-07-17 09:41:38.628003+00:00
c4220ec6-e647-4393-b9a2-64f505425017,82df884f-7f06-4d79-9074-d492223285ba,0.15844512626872395,1,2026-07-28 09:52:13.220955+00:00
c4220ec6-e647-4393-b9a2-64f505425017,f10de9d8-443a-4281-99ac-1dbeb3b48d12,0.5804608847096263,1,2026-08-23 09:06:32.768358+00:00
c4270e29-3d3b-444f-ab5f-57ed31ab6b34,0d9b262a-b1a9-4d92-bbe1-78faa16436a0,2.948491772552128,1,2026-09-02 21:53:02.364440+00:00
c4e5d5c3-dd03-46d5-a90a-065aa0c65be0,753b9b94-bb31-4db2-8187-dc7b227b4ab4,0.4713305061278833,1,2026-07-18 00:36:45.838182+00:00
c4e5d5c3-dd03-46d5-a90a-065aa0c65be0,be7dd977-5fa8-4478-a0eb-cfeef341e497,0.3933949396368466,1,2026-07-14 09:51:17.585266+00:00
c5240730-b6f4-44f2-8c31-e560d2b93c3e,d2cc8308-3b35-4ca6-b5e8-bdf2d65e5560,0.8576381680391247,1,2026-08-31 04:28:54.637834+00:00
c6cba3cd-f16e-4d37-817a-a84907c6087f,44aa502f-a67f-49a1-898a-52ae134a4608,0.29757443254997207,1,2026-08-10 00:23:35.693102+00:00
c6cba3cd-f16e-4d37-817a-a84907c6087f,edc4b634-15d6-42c3-b259-18153ae2b53f,0.08983024733198718,1,2026-07-17 01:28:36.413659+00:00
c711681e-199e-4dfb-85cd-78197c0c8785,8616326a-8c7d-4771-8b68-3f699ebea704,0.7982034680676074,1,2026-08-07 18:40:29.790050+00:00
c711681e-199e-4dfb-85cd-78197c0c8785,dde0c3a9-415f-4953-875c-bebf9ea1ca56,0.37717424539556355,1,2026-07-23 18:50:23.759955+00:00
c9ac9db7-f880-46cf-a74f-c55ab9a43184,10c1d0f4-41fc-4774-88d6-4a268fb4958e,3.5640102577337895,1,2026-08-27 11:41:31.719566+00:00
c9ac9db7-f880-46cf-a74f-c55ab9a43184,2ceded4a-d697-4076-8f0b-d6dcd9868fd6,0.2188783078710831,1,2026-08-03 20:57:43.113466+00:00
c9ac9db7-f880-46cf-a74f-c55ab9a43184,e9a0fc58-32b4-415a-871e-16fc02311749,0.3928725161378981,1,2026-08-15 13:44:50.010773+00:00
cb0ac722-16e5-429e-9f7d-e33aabb074ba,007ec38c-e135-4904-abcb-f317f230156b,0.9194192090498682,1,2026-09-01 13:52:14.112570+00:00
cc32986f-e394-4a03-a4a6-83cbdf2f09f9,36c64f33-73d9-46cc-bbe9-ed40926a95dd,0.3149942673892088,1,2026-07-20 04:21:59.669449+00:00
cc32986f-e394-4a03-a4a6-83cbdf2f09f9,a011ebb7-c5ea-4e31-ac97-5c40a0bb715a,1.7195925626600952,1,2026-08-23 03:03:53.713050+00:00
ccb4f61a-b2af-43b1-83a4-8d79cddc0341,007ec38c-e135-4904-abcb-f317f230156b,2.108186474535878,1,2026-08-27 04:51:37.654025+00:00
cd7b74b3-ca2e-4a4c-adf1-130719538ed6,2f5ec6f2-a8cf-4f8a-b46f-c0cab756f714,1.216887377623979,1,2026-08-16 05:05:06.671774+00:00
cfa387f8-1fc5-41f6-a304-a7d8defdcb6b,c110b7e9-b5ee-4fed-afd9-0ed6222db9d3,4.732665740650157,1,2026-09-02 03:49:16.386014+00:00
cfba3e08-b622-4b92-a3f6-08568e7108ce,5a3f300e-c483-465a-b9be-21ecc5ff6981,4.495972183901781,1,2026-09-01 03:11:38.409163+00:00
cfba3e08-b622-4b92-a3f6-08568e7108ce,6a66718c-d86c-46af-afb7-06cac8d77fdc,0.11448346526772177,1,2026-07-21 21:52:51.370973+00:00
d068320e-e7e4-4558-8035-9e02927bbce5,5a3f300e-c483-465a-b9be-21ecc5ff6981,0.8316262772366446,1,2026-08-08 14:21:51.687237+00:00
d1b5fc0c-c2af-4390-a78c-15d74f726722,361add66-4881-4e83-a8cf-17a3166b713d,4.100523036334195,1,2026-08-30 07:00:05.958714+00:00
d517fa86-5c53-4b6b-bca1-17ac4d76b0d5,19072406-303f-47d9-8be5-c40c86a2b19f,0.6846733455837412,1,2026-08-04 17:01:57.125797+00:00
d5ede6b6-6d31-4111-85b6-e570529a467f,20c1478d-7aab-4b02-a79a-d42d78c982f7,1.405810740630275,1,2026-08-19 02:21:28.015444+00:00
d5ede6b6-6d31-4111-85b6-e570529a467f,746fcdc8-24c3-47dc-a095-6e87a01bcfd0,0.17534807452014797,1,2026-07-30 10:31:31.368776+00:00
d642d4f7-8475-490f-a849-d251cdc3fe29,537d6921-dacc-42a7-91c0-bf06eb231c81,3.867328480750209,1,2026-08-29 02:53:50.553366+00:00
d642d4f7-8475-490f-a849-d251cdc3fe29,8f5d6ae2-67bc-4a45-8219-c07a5b54cd4b,0.10403374478721031,1,2026-07-19 23:56:15.697520+00:00
d642d4f7-8475-490f-a849-d251cdc3fe29,a011ebb7-c5ea-4e31-ac97-5c40a0bb715a,0.929010463721371,1,2026-07-31 14:19:18.283200+00:00
d69f4071-dcfe-4a9f-a629-a6510051e7b4,be7dd977-5fa8-4478-a0eb-cfeef341e497,0.8959160602895896,1,2026-09-01 01:26:26.774438+00:00
d855588d-6253-4d49-9c6b-e764751adbaa,fd646a6b-c5ce-42ca-bac2-71e9eb896241,0.09361054509631052,1,2026-07-17 21:15:46.802523+00:00
d906e59c-663d-4bdf-811b-c0323231034c,aeb0bca0-8cdc-4ac3-8113-62e7b4424b82,0.20810880463389508,1,2026-07-11 21:24:35.078117+00:00
dc3201de-6eb7-4dc2-917c-47fea8057245,3f4cc9ef-f459-43bf-88bb-92a8fa082b3d,1.7459513160283395,1,2026-08-23 10:22:00.383061+00:00
dc3201de-6eb7-4dc2-917c-47fea8057245,bbb3fc20-4676-4a8f-88b6-ea22d23c895f,0.4485089756572885,1,2026-07-27 05:59:10.380390+00:00
dce7c1be-a658-45fc-854e-fc568bbbc582,43f5f9e6-1bf8-4a63-a526-34b88adfd851,0.4661191373344086,1,2026-07-28 00:28:20.096259+00:00
deb24624-6c28-4c6b-8e74-ae08ad95f097,2f5ec6f2-a8cf-4f8a-b46f-c0cab756f714,2.9442693184983852,1,2026-09-02 21:11:45.969507+00:00
deb24624-6c28-4c6b-8e74-ae08ad95f097,537d6921-dacc-42a7-91c0-bf06eb231c81,0.7095284649087603,1,2026-08-27 09:28:57.495659+00:00
dfd5d8d2-c877-4756-98c5-08ebc6fdea0c,6a66718c-d86c-46af-afb7-06cac8d77fdc,0.23622363964301193,1,2026-08-05 09:34:05.712882+00:00
e0442bfb-1f98-466a-aec7-d5e0749c9bde,801df4eb-be1f-4c62-9e0b-f6186eceb27f,4.834265548626403,1,2026-09-02 14:01:00.123817+00:00
e1c07d66-f172-44e6-84e2-02113ebe67ac,6045a6aa-b3c3-43bd-b6f4-6a2fd33cdd47,2.831836588142744,1,2026-08-22 21:18:39.257553+00:00
e2244770-dd74-4b18-bf75-bc7b8a397a6b,46f26082-e68b-4b7d-948d-5afbcf93626c,0.14613598868354322,1,2026-07-26 19:03:08.635231+00:00
e2244770-dd74-4b18-bf75-bc7b8a397a6b,f1ef8c6a-a39d-4156-b569-fd363f7b6f16,0.06934469743698767,1,2026-07-11 21:14:14.604254+00:00
e34f7d07-247c-4042-a732-f50c1ee2d370,26b4b0b9-cb64-4f15-b135-fc92f0fb25c5,1.1476428896002366,1,2026-08-15 00:57:49.906504+00:00
e34f7d07-247c-4042-a732-f50c1ee2d370,7ec24b26-e871-4468-8107-0cfb3d07f172,3.477940868489578,1,2026-08-26 23:57:29.077266+00:00
e3586620-94fc-46e5-ae02-dc1d751ad4a1,19fbe766-dcb8-4eb3-91e0-4abdbb89c932,0.16245811879647679,1,2026-07-28 21:52:33.803510+00:00
e3586620-94fc-46e5-ae02-dc1d751ad4a1,ddd72ced-e844-4564-996d-49aa8819a9b5,0.9632042778453895,1,2026-09-02 12:12:06.443481+00:00
e52728d8-095a-44ad-9b4f-2626d412b0ea,2698940f-6dbb-4e86-8033-64528914bd73,2.920056468533958,1,2026-09-02 17:13:56.624995+00:00
e52728d8-095a-44ad-9b4f-2626d412b0ea,50a8e045-d9be-491b-83ad-7b94c3e77ed0,0.05262694737883123,1,2026-07-06 08:49:26.127860+00:00
e682b5b1-c4f2-41ee-8bff-da6dd5eb3b80,0f3566ed-bb39-4d47-b959-609b1adadabb,2.549052204931835,1,2026-08-31 00:00:33.654106+00:00
e739a4fa-f3c3-467a-92ff-a1a0831a59e8,e51ab844-bd48-4c09-a494-f89028af48e9,1.4137091512288693,1,2026-08-19 05:02:49.443304+00:00
e7b2e793-6aa2-4287-8ec9-715fbe5122e3,6be5095c-fc61-4748-84df-5d778fe13561,1.1111412610330227,1,2026-08-04 04:15:09.901102+00:00
e7b2e793-6aa2-4287-8ec9-715fbe5122e3,d8b835dc-406c-434d-921e-64d7ca779795,0.6161475655181967,1,2026-08-24 13:44:52.285565+00:00
e7b34018-eba7-4ce7-9a93-198855855b1c,20df62d8-e69b-44ce-bc32-e6f0de52ddfc,0.6468902505765421,1,2026-07-24 08:35:20.174005+00:00
e7b34018-eba7-4ce7-9a93-198855855b1c,bf092690-2f01-4150-a035-6bda27846f08,0.6446219471329728,1,2026-07-24 06:54:10.339918+00:00
e8771c2c-e1a9-4a83-af34-4bb1ed4b0359,a7ea58b4-537d-4b79-b70b-3269f201da3d,0.7058529270099906,1,2026-08-05 07:39:20.715514+00:00
e8ee97ca-0afb-417b-b647-5899b344ea69,6fe8ce42-52d3-4091-a02d-7ddc7a04d29d,2.9125580547440326,1,2026-09-02 15:59:53.586246+00:00
e8f55f1c-2c29-42aa-8c9d-dce7f397285a,ef144e76-fc23-4a00-bd86-1f673140e039,0.8916022916821628,1,2026-08-31 23:07:26.489018+00:00
e91cde6b-787b-40cf-a451-7c83809fc0e5,83be4b48-b731-4b9f-ab90-7998d30b6c99,0.9397315799985118,1,2026-09-02 00:21:34.550202+00:00
e91cde6b-787b-40cf-a451-7c83809fc0e5,a011ebb7-c5ea-4e31-ac97-5c40a0bb715a,0.24529322704687734,1,2026-07-15 04:19:06.696805+00:00
eb247ff8-c9fd-47ec-bf33-1185536704c8,20df62d8-e69b-44ce-bc32-e6f0de52ddfc,1.569732632397172,1,2026-08-21 07:17:51.089924+00:00
eb247ff8-c9fd-47ec-bf33-1185536704c8,e5183753-f658-4280-9615-ba74989f7602,0.13890980080954266,1,2026-07-25 18:42:36.899410+00:00
ebdeab0a-d133-46fb-bc6b-e331d40a48f3,8a4a7443-cdd3-4c90-aa99-49da5c266ad6,4.796436378325885,1,2026-09-02 10:14:44.967412+00:00
ec360891-32f1-4c8b-a40c-2807418dc6ef,bc1e9eb8-ce85-446f-a37d-94d1c52e8ed8,0.5774941884518802,1,2026-08-23 06:38:58.431141+00:00
ec9ff1aa-e026-4b2c-9b58-909cb2ac4857,09dde2b6-815c-4310-8a75-4bc179e81958,0.4865322193631806,1,2026-07-28 21:02:45.399529+00:00
ec9ff1aa-e026-4b2c-9b58-909cb2ac4857,423e8ff7-eb17-42ab-a82e-688db4ec3bcb,0.3639211139280392,1,2026-07-23 01:40:12.947878+00:00
ec9ff1aa-e026-4b2c-9b58-909cb2ac4857,46f26082-e68b-4b7d-948d-5afbcf93626c,0.35689213136184306,1,2026-08-13 15:38:32.863680+00:00
ecc2c73d-228d-4094-b3a8-bb1d4d051a53,bbf870c3-795d-464b-a263-661169a20df3,1.7728811497696242,1,2026-08-23 17:42:49.872596+00:00
f012bbff-0ef0-4a0f-96d1-5c6f7fcdbd9e,73d5f14a-593b-4158-a20b-e2dd5720de77,0.11495762082325338,1,2026-07-21 23:51:53.439382+00:00
f012bbff-0ef0-4a0f-96d1-5c6f7fcdbd9e,a7ea58b4-537d-4b79-b70b-3269f201da3d,0.7568294891373635,1,2026-08-28 16:27:38.065958+00:00
f016413d-76ac-40f8-bb93-3f78120c104f,80cd2a26-4e70-48c8-a99d-03ff722656c3,0.8119273885289859,1,2026-08-08 02:51:27.655266+00:00
f0ee6991-7d84-49b6-9481-3f72756ca197,fd646a6b-c5ce-42ca-bac2-71e9eb896241,4.951955566079652,1,2026-09-03 01:33:44.309381+00:00
f3cd0062-e2be-4641-8b1f-9a01f9181901,6920507a-2d63-401b-9774-1c3d2936adf3,0.2316640421251958,1,2026-07-14 00:52:43.655080+00:00
f3fb9d14-a6d0-46f9-9541-fbf7ffe184d2,01a9b000-37ed-4cbe-bddb-decfc6eee45d,0.9131410032189278,1,2026-09-01 10:34:54.084562+00:00
f3fb9d14-a6d0-46f9-9541-fbf7ffe184d2,34e6e1ce-0f13-467f-87a2-7ca808b5b8b9,2.004973678780785,1,2026-08-26 04:45:56.971411+00:00
f3fb9d14-a6d0-46f9-9541-fbf7ffe184d2,92409d9b-613d-41b6-9ab1-8c11f1dec353,0.5608782272616007,1,2026-07-31 17:18:08.195256+00:00
f3fb9d14-a6d0-46f9-9541-fbf7ffe184d2,fdb38ce7-d219-4059-9bc1-9b96ea0db50a,0.26594109472534494,1,2026-07-16 19:06:44.513671+00:00
f45e2cb9-845e-452e-ba3f-5e35ddfe1588,361add66-4881-4e83-a8cf-17a3166b713d,0.06246276337342673,1,2026-07-09 19:04:05.617119+00:00
f45e2cb9-845e-452e-ba3f-5e35ddfe1588,3f4cc9ef-f459-43bf-88bb-92a8fa082b3d,0.24431012262087287,1,2026-07-15 02:23:27.174302+00:00
f48ee036-74aa-43d5-8d4f-aec7b6e8b076,053d70d8-4eb6-44ec-8e2f-a0ba3e384e91,0.2925593827781441,1,2026-07-18 16:54:03.320894+00:00
f5bef1ec-ecbd-4763-aa96-65c3c3a2f561,09dde2b6-815c-4310-8a75-4bc179e81958,0.5578064306812012,1,2026-07-21 09:28:11.661969+00:00
f5bef1ec-ecbd-4763-aa96-65c3c3a2f561,4c775862-9da9-4b02-be7e-46fdf2b413cb,0.6446067255608308,1,2026-08-03 12:05:16.213734+00:00
f5d69270-5042-46d1-bdda-e580b61167f5,7356396b-3745-469b-853b-20c23e72c3b8,0.18829021461277298,1,2026-07-31 20:42:24.791634+00:00
f5d69270-5042-46d1-bdda-e580b61167f5,ca16876e-f5f2-490c-8e21-b630a3f74389,0.246208081972642,1,2026-07-15 06:06:19.522551+00:00
f5d69270-5042-46d1-bdda-e580b61167f5,e122afe7-1d16-46ec-8953-8b11b5fceeef,0.10232131207213498,1,2026-07-19 15:58:15.502278+00:00
f6a4913c-4249-4c26-a9af-88c6c03e74ce,ace60696-ea68-4b35-80de-b2fb47c123be,2.8254755652631545,1,2026-09-02 01:25:40.043368+00:00
f71f407f-7dc0-45c2-87db-987647b0ac19,423e8ff7-eb17-42ab-a82e-688db4ec3bcb,0.44012621041837435,1,2026-07-26 20:55:47.917073+00:00
f71f407f-7dc0-45c2-87db-987647b0ac19,6920507a-2d63-401b-9774-1c3d2936adf3,0.3704568881291114,1,2026-08-14 09:32:53.300563+00:00
f7d2c22e-15c7-40c5-b781-076b38957408,403e30bd-f8af-4227-bf38-7edcdeed8399,0.6874487526868267,1,2026-08-26 18:18:29.660981+00:00
f7d2c22e-15c7-40c5-b781-076b38957408,d114a777-1b30-48a0-904f-aad2432fe63c,0.14595766592163908,1,2026-07-26 18:27:58.751870+00:00
f8a8fc3e-fa87-4115-b97d-760af3f1bf06,753b9b94-bb31-4db2-8187-dc7b227b4ab4,0.7634531038778145,1,2026-08-28 20:38:35.370100+00:00
f95accc4-2bd4-4db5-97f2-cb65fdc607ac,e8f13b7d-8e54-4f1d-9fc4-c5697b3143bd,1.5406669357122085,1,2026-08-20 22:19:34.926812+00:00
fa1b7589-f67c-4a9f-a0cb-3c2b95fba51d,8d3bd0ec-9c18-4bbc-9c9e-4a73554a0701,1.331056984512124,1,2026-08-07 18:56:01.993440+00:00
fa906ec0-6a1a-4c92-873e-5e4697ca4dc2,0f3566ed-bb39-4d47-b959-609b1adadabb,2.9336694202539646,1,2026-09-02 19:27:53.633705+00:00
faaa04bd-ee10-43fe-bf48-14f4b0189cf7,17119014-7c3e-4b2d-89d4-1df8cbfa530f,0.2764412225651541,1,2026-07-17 13:41:58.524488+00:00
faaa04bd-ee10-43fe-bf48-14f4b0189cf7,627141ec-f676-4c19-a6f5-59994ad8e4ed,4.727494579363251,1,2026-09-02 03:17:47.249405+00:00
fbfdcf58-0383-43bd-8e14-4c9cad1806f5,19072406-303f-47d9-8be5-c40c86a2b19f,0.6386832483812642,1,2026-08-03 07:39:23.714346+00:00
fd22e876-3a16-4fda-9113-1692389a263f,bbf870c3-795d-464b-a263-661169a20df3,2.8275971391456602,1,2026-09-02 01:47:17.065371+00:00
fdb88e21-d253-4d5a-9fef-10857f0c1aab,40b6cd9c-0e08-49c8-91f6-8926e2cbb76a,0.5411720705301498,1,2026-08-21 23:28:05.666493+00:00
ff553503-e3b6-4eac-b334-774a9a7446cc,d114a777-1b30-48a0-904f-aad2432fe63c,0.834924056840211,1,2026-08-08 16:15:50.449291+00:00
ffa8953b-2397-4cff-91ee-ed96dbb6c1c7,954126ab-b311-4140-9b47-5cc3deab6f17,0.8633822822116883,1,2026-08-31 07:41:09.499196+00:00
ffbe45c3-dd5c-4816-b108-1032d6591f0d,22357198-1e57-43b4-b56f-1798d76613df,0.3454320835132427,1,2026-07-11 19:26:46.492793+00:00
ffbe45c3-dd5c-4816-b108-1032d6591f0d,ef144e76-fc23-4a00-bd86-1f673140e039,0.12092861668247559,1,2026-07-23 00:10:13.969531+00:00
ffd09db3-d5f9-4fb8-98aa-cfee2c88ec36,053d70d8-4eb6-44ec-8e2f-a0ba3e384e91,1.537040595819183,1,2026-08-20 21:11:42.858124+00:00
ffd09db3-d5f9-4fb8-98aa-cfee2c88ec36,2ceded4a-d697-4076-8f0b-d6dcd9868fd6,2.380293452236578,1,2026-08-29 15:07:49.410093+00:00
ffd09db3-d5f9-4fb8-98aa-cfee2c88ec36,9cdc0371-a17d-4b25-b08a-233eebb45125,1.809079565992323,1,2026-08-24 03:24:56.549737+00:00
