id,contents_id_content,categories_id_category
734,f327ff06-d8ce-4b20-93c3-3f9d9eb7c577,1
735,ca16876e-f5f2-490c-8e21-b630a3f74389,1
736,d9c91604-1d9d-482f-b66d-8856e963c475,1
737,475b2b80-64c2-446f-bd3e-a4dd15817e30,1
738,308220f6-1f6c-4b3b-892b-775b0d81815c,1
739,220ae712-48a9-4485-be66-8f82360b92f1,1
740,e6855914-61c3-4d61-a30a-3de1a5b2ba61,1
741,917fb902-9f99-446d-8a34-bb86923d1fc3,1
742,146d5658-c53f-4b32-810b-36eda729367e,1
743,532273a9-ad23-4d42-ad10-ce363e14667b,1
744,33eeb3c4-c9f1-4a0c-9562-aeb8c31d8ef2,1
745,aa036e90-566e-4ba2-b866-38b45f867c91,1
746,718ef92d-0641-4b2e-8e76-980023ff6815,1
747,3d8eeb62-4e06-417b-a729-c7049d62d1b5,1
748,a7df2d5e-b34a-4c71-a5dc-c9181a0f55f3,1
749,9979d2cb-b3ff-4714-975e-10b6c56d88d7,1
750,b36f0668-0035-4901-a8b1-89dcbec0367b,1
751,0a117644-ab17-4789-be07-d4e815545f89,1
752,61ee41df-b8ce-4be9-a2b4-2cd36474c17f,1
753,f53c4828-d058-4aa3-8166-e057f07d50c4,1
754,290cc17f-7032-4c7a-88d2-4ffe952aba75,1
755,6be5095c-fc61-4748-84df-5d778fe13561,1
756,d32bdafb-749b-4332-8a90-68afd451d3bd,1
757,e9a0fc58-32b4-415a-871e-16fc02311749,1
758,f3d496fc-8331-4454-8cbf-39d257d09504,1
759,bd661c7a-02b4-402c-be86-223691f14da0,1
760,40cc8c4a-9389-42a0-8638-8b2df07caf31,1
761,6509e3b9-3090-4179-b6b9-92c06ac6de56,1
762,709e26e7-a602-4a6b-a912-a128336beefc,1
763,bf7b8f6a-090e-497a-aee4-ea00e33e7a56,1
764,3c5ee7ab-1c2c-4f5a-95ff-7ed57dd25104,1
765,d4e19327-789e-4057-886c-acb20220cd10,1
766,a4338365-3305-4db3-a474-bab4cea041b0,1
767,ef900852-0097-4158-a253-3a0f629d2075,1
768,222a0dcc-0bf4-442c-b4a1-9e110d91e508,1
769,28d4314a-80d7-46f9-80b8-e274540fbb39,1
770,379d08e1-937a-44fc-b4e3-ea609219f654,1
771,d32b6f10-a2e0-424c-b037-214aab8551ef,1
772,9e1ed7f5-dd0e-410d-ba93-170a64866aa3,1
773,0a804a9d-d0f0-40f4-a18f-9a67e97cfde4,1
774,f229fbc2-dcc1-495d-8fbd-48862dddece1,1
775,27dd31df-c1a8-43a6-a296-f8858966633a,1
776,4ac75914-ab6e-419f-a2b2-01a2ae1b47e3,1
777,f3b9892e-65be-4349-af9b-78ba97a7c76d,1
778,468d90c2-c433-40d1-8bb3-4feb8d9ae1db,1
779,6012b172-6006-4c11-9fed-5fe69cb8b488,1
780,67362cb9-26e6-424d-8aa9-a5c242d97524,1
781,b65cd689-feb3-4aca-98d5-d19adcfa51c3,1
782,c5763a2e-994c-4efe-bd72-87ee89b750f4,1
783,346ae8f1-d850-473e-a4d9-035637c08f30,1
784,a612b9f3-5c04-44c9-9105-3a4fc3a626c7,1
785,4214ef5e-c9a6-4f77-8698-9090e4b0a5a1,1
786,2ca3a55f-db6b-47aa-a2ae-c3b5fb43efd9,1
787,f9b4a0e3-af12-46f4-b134-688ad61352ef,1
788,51512eaf-3922-4c73-b34d-3abea8f653cb,1
789,be0cc6bb-a841-4815-8ec2-14c2f52675d4,1
790,0c78780e-0221-4120-9e55-4ff3a1e8ad28,1
791,aebe8dac-0fe2-4871-88b9-28b0f5f26fa4,1
792,f1d8565b-19f0-4915-89b5-0f52fc52c9ef,1
793,ec760b1a-b950-4839-b4ea-92fee7763634,1
794,0a80c24f-e5e5-48ba-922b-fa618b2f7237,1
795,367f96b0-7594-408c-9cbb-5654b2645393,1
796,923c9868-ba6c-496a-925a-3600c436b983,1
797,903df822-0efd-4258-9a68-8fbc0c4ad103,1
798,934eff52-23c2-44d4-bbb2-61dc73fc1909,1
799,fb05265f-5cf4-4da3-88f9-175ce8e20557,1
800,be088358-1312-4d34-bffe-da472dfc6862,1
801,af221c99-0d43-4812-b68c-b24a99f33af5,1
802,f57c1279-892d-4dea-a08d-ba97b799e954,1
803,13841d24-66d5-42c0-bfaa-0515ae5e86b0,1
804,9b7cb5ff-061e-4ebc-a8a5-80b41fb078d4,1
805,cae921f6-0273-4138-a502-40545106ceba,1
806,7a25572d-94b5-43b1-aea3-bc72447faee5,1
807,3b02caa7-a933-4966-a10d-172732fe363c,1
808,d2c6a7d4-05bc-4022-b471-3344f84afd55,1
809,2c143da0-e781-4573-b533-d3c2659be312,1
810,d2682351-5c57-4a46-a36c-66a048e5d3c5,1
811,e1dd3f7d-aeb9-4820-a824-0a91435275e2,1
812,1f044ec6-d896-451c-a7d3-080336db0ac8,1
813,115fd873-f819-4afc-a9fe-f6dec9eddfe2,1
814,e693e5bd-bfe5-47b6-add8-63e267b8c2d2,1
815,8991ec96-d2a1-4ff2-82c4-89d271de8a88,1
816,8d08fe86-92db-4ec0-944a-bf2b6ff879f7,1
817,003829c6-372d-4b42-b843-0f34e44ada7b,1
818,f4ae8d87-6e4f-406a-aa7c-380c467baad6,1
819,acbf7da9-e3bd-445a-9e29-39c6ef4c3975,1
820,e19374cd-9b1e-4641-be7d-3da4950bc319,1
821,b222073f-32e1-4209-9ce1-92378f5e3dbc,1
822,f6c8dd8d-083c-49e6-9c54-d981da0d4b1b,1
823,09feac8b-2c8e-4dcd-bbd0-ce0e9f8a526e,1
824,fe6b55f3-549a-460c-ac31-3022304f844e,1
825,5aaab8de-549e-434c-8657-ad74542b4456,1
826,933f150a-99e2-4394-8e94-e220ee25a520,1
827,325a944e-0fab-412a-8498-af0720fbaade,1
828,aafffebc-c93b-4ab1-a403-162dd90b5174,1
829,d36d505e-c05a-4384-9218-7cdcd626dff2,1
830,a614372d-e39b-4c0a-b44c-cf4dfafad782,1
831,4603d23b-f90d-4c59-830e-310aa029f8a3,1
832,d78e6ba8-3e70-4d45-8d43-e481aff2d397,1
833,2b28c9ac-73b1-487d-8827-63aac063d032,1
834,77cf64a9-3730-40ed-82ef-94ebb9e08dc8,1
835,00cad0c5-a50b-47b5-b733-716df8798f8c,1
836,80cd2a26-4e70-48c8-a99d-03ff722656c3,1
837,4e9ea6d3-7b75-408f-bd01-c7527def23be,1
838,63174738-37a2-4b7d-b1ef-cb1c7d9c70e6,1
839,c7063b7e-3533-4480-a421-4740c34115fd,1
840,8080c352-eabb-4041-b036-a897d2463ca4,1
841,5dd7a05a-ae56-4ce1-9889-b0fac61594b8,1
842,2b27f7da-ecad-42e6-b73f-43d91045c43a,1
843,7a063268-9719-4e2d-86c7-86eb4396b9ae,1
844,fdb38ce7-d219-4059-9bc1-9b96ea0db50a,1
845,015542d0-a45f-40be-a7c8-a3fdd55fb33c,1
846,fb0a1ec8-27bd-497b-aa35-888a42be2453,1
847,12cff44d-2862-422c-86d0-61f71ddec7b9,1
848,e0fe814c-e584-497d-9538-5891c2ab580c,1
849,9c55b8f3-f27b-455d-9829-2553513e63af,1
850,f4db29e8-5cee-444e-bc4b-118c84ee4251,1
851,76de4cad-8275-45a3-b4aa-4f00693d4e74,1
852,a6a0a71c-7578-441b-adfb-b6b27ef85388,1
853,cb746ad3-0bb6-4669-9f5a-6bd983be6bb2,1
854,067c5f7f-daf2-4ce6-9d35-992bc27bfa16,1
855,13e93b4d-d7d7-441a-9be6-3b1925138c0d,1
856,57512c3b-2b04-43ee-8851-17277c4d5523,1
857,9e85ab3f-d894-4d11-a595-2f67f5cefaf1,1
858,7daaf2d7-a199-45dc-af7e-a4a0886c80a4,1
859,fa6f526d-f220-4d87-a30b-8c45fc2bf8ee,1
860,05011e6a-8a7c-4bc4-856e-abdaa577213c,1
861,57997211-ea24-4535-9d32-8b201b39d3d7,1
862,c878565a-acdc-4c15-a17f-49ad202009d1,1
863,cbc7dda3-c6e1-452c-abf2-37a313a46a0f,1
864,c158fdf6-848d-4694-9a10-76c1b9393bed,1
865,05711fa5-2811-42e6-a794-26973c27bcae,1
866,ea532400-c5e2-47ed-bffc-0c8f7b82e8ea,1
867,2cb05ccb-20f0-4299-8629-c9eb464a23a6,1
868,568560ff-834d-4d2c-bcb8-9398da8c7b3e,1
869,58f5d354-fb4e-4343-9bc3-23662ac9d1d5,1
870,3e1b0880-d276-4f42-9cf5-fa9e8538d8d2,1
871,ff272ea0-1fc1-42b1-bfbf-b858c6040ebf,1
872,99ca32b1-7022-4843-9a80-a85fb98c8334,1
873,a6fa06c8-3560-4211-8e16-2fb4a3bcc5ab,1
874,2cf7618e-d12c-4aae-ae1b-a44e7d1f6ea9,1
875,86ca6236-d082-4991-bebc-d131110195c4,1
876,a7b5a292-bc3d-48f0-92b8-02f6d16f7ec9,1
877,afffef9d-2005-4f5b-908a-94d6329fe1b6,1
878,b6bfa0b1-0c07-4989-a1ca-560da075a87a,1
879,fe2193db-57cc-45b3-bdc5-8b55d1e2fd98,1
880,72fcb6ee-36b3-47f3-852c-c89a1e236f00,1
881,39f6af17-3bd8-4e45-8393-55bb6637bd4b,1
882,c0227813-8516-495f-ada5-c69c1d131b29,1
883,981a2c3f-c9c6-4f17-9eb2-05d10a82bf20,1
884,20cdb0f7-e6fe-457e-9d21-3ff212fb491b,1
885,254ebaae-4952-4f87-a8cd-935640186352,1
886,7f8f8d31-ade4-46b4-8109-5bf8e37b89b7,1
887,877fb7d4-8c08-4f50-9742-27045d931c3e,1
888,d582d358-51e0-473a-9981-9dcf679e34c9,1
889,d3756785-bf02-4325-821c-ab3a39b245a0,1
890,740db0bd-9ce8-4cb4-9b25-35c6ebac2226,1
891,8415f63a-31f3-48ca-a731-05171da53694,1
892,ff09ae06-0d8b-4da9-bc7b-df53ff05b61b,1
893,66fb3276-aaa7-4def-b0c8-abd2af1c0fd2,1
894,21dd9240-b310-4eab-8935-33273e59c4af,1
895,be0e7e7b-a6ac-4693-b4db-8eeccc55b0ff,1
896,0ac1decd-0c65-4ecd-9a39-1e8e6fbc789c,1
897,91fbce5f-1ca8-488f-9601-315b08f8e2bf,1
898,3022ca67-fcb0-40ad-9b45-825fb40aeaa6,1
899,e5c0aaae-3981-480b-b887-edde6518f12a,1
900,6d2f7b1c-04e2-4d02-9b31-649b56fb8ae2,1
901,46f33222-8070-464b-bd39-6608da3310ff,1
902,4e236793-d76e-49b7-b1a4-908fae2c0a9f,1
903,654c68f9-db3d-4214-ad95-011fcc7820ea,1
904,2d249f61-78f0-462d-995e-3ae3f3fbf709,1
905,25f58d19-b52f-4519-bf15-01e4a5ec3797,1
906,1d33ee39-8b0c-44ea-a23e-65105c72b68e,1
907,39a3d442-5f5e-4c69-93cf-d9783374276b,1
908,9082c596-2438-454e-b877-2de99229858f,1
909,a684b5e4-2772-47a4-9253-aa8278596ac2,1
910,23674f82-2595-4a47-8cf6-e151f5f80ac6,1
911,1a85c240-7351-4c47-a266-87236f675964,1
912,6f6345ff-9f09-4e63-b849-5756a5a9ac9a,1
913,627e1d94-6933-480d-b097-54f85ba3ec42,1
914,f4f431ef-a9be-4333-a0b7-662682e8050b,1
915,9e35733e-b2b0-4c84-9f87-0bf1d9ac0a00,1
916,ff938cba-7ebf-4970-b2cb-38d94bec62c0,1
917,7751821d-a6b9-44e8-b007-d4a6d5282f8a,1
918,8bee12dc-28c4-414f-9771-06a9f3b6b92f,1
919,5959119b-041b-4751-adae-140f6548a9d3,1
920,4e95e13b-7d2a-4268-8f25-8c0cda824673,1
921,21b28c6b-040e-4b36-84ae-c917bfc19ee8,1
922,9fba03ef-8b2a-4b0c-b202-c0db04697055,1
923,ecee3b89-93a5-4f4c-85fa-432284aaed8a,1
924,b966f544-7724-4a8e-b905-f21812df72c9,1
925,4db8c198-ff91-47a8-80e3-dc9e5c338b8c,1
926,fb844c60-a918-4a64-93aa-02e298a4a27b,1
927,60669a94-ba0d-4a5a-8a14-1d626d9ba31f,1
928,d928f178-7c47-4c50-96de-fa5049f5c37c,1
929,ebc5c3ba-9d46-42fb-a201-682c26d24a49,1
930,2fed6058-6091-4315-aa20-1831ecd28e9b,1
931,2ce11128-9258-4110-90ce-4f5b01d67818,1
932,1a6f639b-162e-423a-a13e-82f386765ce9,1
933,ace60696-ea68-4b35-80de-b2fb47c123be,1
934,d2eaf0fb-a0ce-4a4c-9792-1b39d08c1c1c,1
935,00be2cb2-54e9-49e5-8a36-c61d3b5376a6,1
936,efbd5ea1-d6a6-4553-9e17-707ea6bda2eb,1
937,2366f335-7f97-4755-97cc-d2dffbf3943d,1
938,52c8517e-c74a-472d-b71d-815cdf56fbba,1
939,8a3e529e-88f6-46d9-a44a-744bef15dc85,1
940,11c724c2-3c83-4f46-94b3-255eb214dda0,1
941,247520dd-2908-4d32-8dd1-0470668051c7,1
942,f37425a0-0724-422c-b353-d31524d09d79,1
943,da3a4d76-10a9-45c1-bbcb-9da71fc9e031,1
944,e199b958-15a7-43aa-856c-0b8572a0e65e,1
945,c7f7b672-ee7e-489e-b80f-abbed5b4fdae,1
946,2ce705e1-3545-4895-b5a6-26771b81ad80,1
947,015f1ca8-9286-4c4e-80cd-454b475307a7,1
948,55f586df-7d21-40dc-931f-676323939586,1
949,1347674b-aed4-4e2d-82e1-1668f03f6e2f,1
950,f7a5acff-a333-4215-b00d-54a8e3e7d48e,1
951,b1a6e605-825f-4c8e-b0de-ad50a46fe45f,1
952,0167e3f2-6fbb-426c-8bdb-05e5dd683bd6,1
953,b621ebc0-ffa7-4442-98e5-ab06a7df7875,1
954,03678c29-5e05-4b2e-a740-1194ea225a77,1
955,a0bab2b8-263a-4ed3-8395-581812a50aae,1
956,784ba6ab-d615-461a-a877-19867f9a649e,1
957,9276d5e3-ad80-448c-b7a7-1fc3b9d9a301,1
958,66a551d9-18f0-48fa-8ae8-8cdbcb2ea689,1
959,d7465b6b-4c71-453d-b2cf-7d5e84db7c3e,1
960,edce4e32-d4e8-4e47-8f64-ba1a3ecbc542,1
961,07d6814c-b247-4f89-962b-51b233307602,1
962,8776028a-8a30-488f-a615-6001eef2d822,1
963,e8f13b7d-8e54-4f1d-9fc4-c5697b3143bd,1
964,75b3f5b8-158c-4400-8744-be5f810d6d57,1
965,b620af51-633e-4386-9145-b929b5047895,1
966,43f5f9e6-1bf8-4a63-a526-34b88adfd851,1
967,a1c050b7-8ff4-4569-be37-b96c449cb1f1,1
968,1f7f0b3f-5138-4713-b819-86617ea146d0,1
969,1bece8e5-8a9d-4ebb-9814-20f2319bfd5a,1
970,546119c3-b074-46cd-93f6-2c43aaca361b,1
971,552995c8-7e09-471a-8470-1d9efbe8873a,1
972,2929f737-010b-45d2-920e-cc4185c7c99c,1
973,4c775862-9da9-4b02-be7e-46fdf2b413cb,1
974,cbcc0107-f30b-4453-ae93-3a70e5bad664,1
975,e1f8fd74-018f-4bfb-b700-1afa1c51aad9,1
976,93fc9d3a-e2c8-4040-8bc6-0ff180af8f52,1
977,feeb16ed-fa9d-444d-8a84-dbac425270ab,1
978,947eb93a-d638-42f6-af81-d4aeb23a2d1e,1
979,a4531d0f-d797-494f-9b78-930d6b6dfc28,1
980,758f02f2-7898-49c6-8e1f-66509df8e160,1
981,b2509528-338d-432a-a11a-6bcb095fba52,1
982,f023305b-56a5-4892-9346-98a9f59bbf36,1
983,1d813d68-7f76-490b-9d72-2e4f2af1b51c,1
984,9cdc0371-a17d-4b25-b08a-233eebb45125,1
985,5b88d6f4-5cd2-422d-bf73-4483bdbe3faf,1
986,3b882739-ae5a-40e6-b65b-35b23b357752,1
987,9e8775a3-8ad0-4f44-834d-4008b0d337af,1
988,4995bfa3-d930-4e3c-824e-d84199377034,1
989,f03e2a57-e7d0-4e70-8699-10b8b78bb639,1
990,0347c7e9-adc4-4c1c-9a4d-a0368934926b,1
991,8f705a7e-a0cf-4ec1-90a2-31046676acbb,1
992,913d67af-df05-4464-b3f7-2165e1f14e9a,1
993,385a4eb9-7423-49be-98e8-317257b2600e,1
994,d331dfbb-4127-4d53-89da-557668d42adb,1
995,33b13192-2659-402b-8f64-aeba314a108d,1
996,399b6367-9515-49af-b1e4-a9a0cb9a778e,1
997,635073b8-a92e-4877-a7b8-3eded1f4fd8c,1
998,bf82f0f8-2fc1-4116-823c-cf46df6bb129,1
999,7a47474c-ec38-456a-b0dd-3feae63da885,1
1000,b0eaa019-b26e-40a5-883d-ac7dfe69fab1,1
1001,0cdb1f80-8d69-4b0f-8fc9-0e580d5f0b2c,1
1002,f51c96ad-83e1-4625-82e7-5df5ed881439,1
1003,e3540d25-1c27-40d6-b745-d6c273fc5c99,1
1004,98959ea1-ee26-4658-b167-74c97b80dfd7,1
1005,eb5ac6a6-ccd2-4e78-92e3-e90acfad20e1,1
1006,d77d8fdf-339a-4ac4-ba61-dd7491b84095,1
1007,66daa8fc-fb2a-4ad2-834f-fdc0034ebcf7,1
1008,d08cce77-8b4e-4cf7-b57f-f05eebdf11ce,1
1009,e3dca214-d16f-4a66-87b3-bd51c1e90009,1
1010,82dbdb6f-ef83-4954-b11f-fbcc9763f751,1
1011,cef4b1a3-ea94-4075-acef-2d2b861d0809,1
1012,c5d34ff4-6c4d-4544-bf0e-11e5871798e3,1
1013,5c2bfacc-d094-41a5-98f3-129fff27be69,1
1014,58ec5251-fb18-49c2-85dd-0ab5e998ae06,1
1015,56cf163d-e718-4699-9e57-326404c46a87,1
1016,38ca0618-6eed-400a-8165-7148a4441086,1
1017,0fc4e28d-f807-4ac9-be5c-a38aa4ba90c5,1
1018,d0ebf014-0d34-42d4-a0a8-494c093984b4,1
1019,e23b99e6-3fb9-4625-824e-4a346b33bf52,1
1020,b883820e-8d57-4fae-9285-9e4b640669c0,1
1021,20334df9-ba4d-4a32-ae89-db313012c5a4,1
1022,15ff48b5-3912-4bff-a80c-865a1e1d5805,1
1023,dfdeb14e-9736-472c-a7b0-9197ae4b8425,1
1024,2f8ca620-97b3-4587-b5d0-fd83534e94e6,1
1025,b1299c48-7ed4-4bde-aae0-7b42e9f1eb69,1
1026,7a84ae62-7dbd-410b-bf84-423b4d2e2ee8,1
1027,9ff4831f-3e18-4700-9091-af6a7d33a3e2,1
1028,d3de4074-85a8-41c3-848b-f139d1bd8505,1
1029,311585c1-c943-4a5c-83c1-df58cd5d84f0,1
1030,92409d9b-613d-41b6-9ab1-8c11f1dec353,1
1031,483829ac-0012-49c1-a8f2-d8d3a4e2fd1f,1
1032,97fca48b-0dc2-405e-a188-e37baedf9472,1
1033,afc2f1c8-43ca-4c8a-8ba2-33a6ef493665,1
1034,8cb703ff-5fe4-413c-88bf-d4488e80e830,1
1035,fcf8afd2-cd16-4fee-a167-3887ab0818a8,1
1036,602443ab-7046-4eb5-bf09-89704e1fc590,1
1037,c792208e-5d7f-4c29-a296-4907724edb75,1
1038,d6d1fc55-0da2-49b2-ac1e-c7a7371258fe,1
1039,46770e61-4dff-4133-afff-282fb161a2b9,1
1040,6911ee4c-27d9-42b3-ba07-716355b2345c,1
1041,46f26082-e68b-4b7d-948d-5afbcf93626c,2
1042,2ceded4a-d697-4076-8f0b-d6dcd9868fd6,2
1043,f5a1e923-98cc-431d-833a-31b1938a9e7c,2
1044,7ec24b26-e871-4468-8107-0cfb3d07f172,2
1045,ada425be-6091-44a3-9496-9ac73a255827,2
1046,c4d8148a-9f74-41b0-8c22-33d6c17f4f13,2
1047,43e8253a-7fdc-4745-a2d1-ecd8778e29c3,2
1048,a7ea58b4-537d-4b79-b70b-3269f201da3d,2
1049,8c4d3fa7-f8d0-485d-ba89-f8b4e0630f87,2
1050,2b4de91d-1ad5-4b81-9032-45f954537710,2
1051,dde0c3a9-415f-4953-875c-bebf9ea1ca56,2
1052,361add66-4881-4e83-a8cf-17a3166b713d,2
1053,4339692f-0a1f-443b-b4da-7040ee3940f1,2
1054,ad0378c0-1a1f-41b7-bc5c-03cd98654195,2
1055,7d5a7711-995e-44ed-8cd6-fe1c23960c94,2
1056,a287fe6d-c136-4b9a-ab1a-b79b50082d44,2
1057,c04fe533-cfe9-4bf3-89a4-d3f58ae58463,2
1058,ddd72ced-e844-4564-996d-49aa8819a9b5,2
1059,f1ef8c6a-a39d-4156-b569-fd363f7b6f16,2
1060,19072406-303f-47d9-8be5-c40c86a2b19f,2
1061,3338dfe3-fe93-4690-b495-0484c3e202da,2
1062,403e30bd-f8af-4227-bf38-7edcdeed8399,3
1063,17119014-7c3e-4b2d-89d4-1df8cbfa530f,3
1064,d2682351-5c57-4a46-a36c-66a048e5d3c5,3
1065,c736b45a-1c98-4780-a09e-0659788ce7bb,3
1066,7637c31b-840a-44a2-874a-4185e044457d,3
1067,753b9b94-bb31-4db2-8187-dc7b227b4ab4,3
1068,6b8b445f-2083-41ce-a4dd-e27d6edb504a,3
1069,627141ec-f676-4c19-a6f5-59994ad8e4ed,3
1070,f10de9d8-443a-4281-99ac-1dbeb3b48d12,3
1071,ad36e15d-f4b3-4340-aaec-28f9fe5e646a,3
1072,358678b2-f6ec-4523-8fea-29fd47ff2927,3
1073,fd646a6b-c5ce-42ca-bac2-71e9eb896241,3
1074,26b4b0b9-cb64-4f15-b135-fc92f0fb25c5,3
1075,20df62d8-e69b-44ce-bc32-e6f0de52ddfc,3
1076,ec7ee147-45ff-42ef-8e51-c26e6f0a07ce,3
1077,3615bcb8-87bc-4b32-a372-2cb60e35467f,3
1078,bbb3fc20-4676-4a8f-88b6-ea22d23c895f,3
1079,6045a6aa-b3c3-43bd-b6f4-6a2fd33cdd47,3
1080,74852880-a408-4878-a907-ea713fbf3b01,3
1081,8e757553-8ea9-4d4f-9a5f-afb6488460dd,3
1082,954126ab-b311-4140-9b47-5cc3deab6f17,3
1083,053d70d8-4eb6-44ec-8e2f-a0ba3e384e91,3
1084,537d6921-dacc-42a7-91c0-bf06eb231c81,3
1085,82df884f-7f06-4d79-9074-d492223285ba,4
1086,93297b81-adf1-4fdc-98b8-809061b98fe2,4
1087,e51ab844-bd48-4c09-a494-f89028af48e9,4
1088,0f3566ed-bb39-4d47-b959-609b1adadabb,4
1089,83be4b48-b731-4b9f-ab90-7998d30b6c99,4
1090,20161235-08fe-45bb-9583-0cd8bdf69030,4
1091,a011ebb7-c5ea-4e31-ac97-5c40a0bb715a,4
1092,e5183753-f658-4280-9615-ba74989f7602,4
1093,2f5ec6f2-a8cf-4f8a-b46f-c0cab756f714,4
1094,bc1e9eb8-ce85-446f-a37d-94d1c52e8ed8,4
1095,9b4c6d22-c27c-42aa-ac4b-b7a8d89ae948,4
1096,6be5095c-fc61-4748-84df-5d778fe13561,5
1097,93297b81-adf1-4fdc-98b8-809061b98fe2,5
1098,eec0f1a7-be96-4e01-aa44-b420d2fcc069,5
1099,22dc0f1e-3eab-4290-ad56-fb08fc39a039,5
1100,9b42e6d5-7a9e-4a17-86f1-13c1b7581bbf,5
1101,17bc4c5d-860f-46b2-94ce-5a373a97d9e1,5
1102,8bb38941-b0cc-48f6-8d51-39ca2a0d04f9,5
1103,a7709df9-23f3-4b9c-be82-3e939d7f50f3,5
1104,34e6e1ce-0f13-467f-87a2-7ca808b5b8b9,5
1105,7d5cc313-d653-451d-ae1a-f992686c3de0,5
1106,b0bf91f2-aa1b-4328-9cad-6725f3c4e394,5
1107,88901122-90ba-4c7e-bf14-be1bbb31fce2,5
1108,6eed6831-717f-4c0b-83e9-a5b1394824e3,5
1109,05158336-fd14-491b-83c1-764c02ffb3e4,5
1110,09803a5c-4d4e-4305-a5a7-a8b3ed8ae3da,5
1111,d2cc8308-3b35-4ca6-b5e8-bdf2d65e5560,5
1112,b40e63e6-070a-473f-a7ae-a7df42c358bf,5
1113,34a1c745-7fa5-4e74-9a71-d0fc8f6d7756,5
1114,ee8f6c11-730a-4fdc-b356-148df3dfec58,5
1115,dae9aed6-9c69-427a-8414-68651168e1b2,5
1116,decc65aa-758b-4ac0-800e-7feb67cf2390,5
1117,5d09c38c-89cf-4b27-8bad-e4af20710a64,5
1118,f4aa76e7-aa80-4b7a-8e4b-6dd82a790a3f,5
1119,f086080c-3cd7-4f0c-9fea-94183f06a6c0,5
1120,e122afe7-1d16-46ec-8953-8b11b5fceeef,5
1121,a5a7c68d-2b34-4da7-ad0f-339e4eaa204d,5
1122,2d9ef996-3efb-4351-833b-897e1a647597,5
1123,68b4a3d1-75b1-470d-ad79-45beab7052e7,5
1124,ef8e46a1-c14b-4ac8-b27e-345e90220ce2,5
1125,a5dd5675-4088-43e3-be78-55925312cc98,5
1126,7cbaa776-4bb1-44eb-b633-67f8e7bb601a,5
1127,166c4f36-24fd-4015-876f-4a6f63b8142e,5
1128,c02f801e-307c-484c-ad97-5729f8a89449,5
1129,f5177fae-3002-4844-b05b-3d386c9d2386,5
1130,a0482f48-69de-4293-a5ad-9f8e610e617f,5
1131,6b29923c-d1ed-43b8-b4c9-4641833fd543,5
1132,d9787dee-8c11-44b4-a3a8-5aa4e532586c,5
1133,325630ac-b40e-4a77-82ad-3286774a9030,5
1134,0cc3632c-7153-4f44-93ef-af999f80143c,5
1135,82ba855f-5d70-4ef7-92ed-f4975ab33ca9,5
1136,28cbc3f8-59b6-4926-9d3e-8a52cb57960d,5
1137,359a0b39-e2f4-4ee2-a93a-7b26bb2b3275,5
1138,64a6ddc2-cf3e-47e3-9965-a7177bb5de2e,5
1139,0314b1b9-496b-4ad8-a073-697bf6b2ae77,5
1140,48338ab3-5825-4928-b94e-24aadc57627d,5
1141,2c003569-7d6b-4482-bd57-4e2c1b23e1ac,5
1142,c9428b1c-3d7b-495d-963f-1fd3cf137db1,5
1143,3a482f44-efde-4d38-a099-2a1371f84a12,5
1144,7101553a-d594-4182-9884-b3829f461a32,5
1145,c8e2e647-56d8-4c00-98c0-9f106c9d7285,5
1146,19fbe766-dcb8-4eb3-91e0-4abdbb89c932,5
1147,cb4432e2-ec61-48e4-9962-ef0d29bab4c2,5
1148,dd5ceff9-57f0-4559-8418-203b9cdd7543,5
1149,cf5edbfc-3b08-4b1c-87e6-5c4f7a7132b2,5
1150,ca93dd9c-7b70-4ea9-a12b-bcb9054e8fa2,5
1151,16cf83df-ccd1-4420-85ab-8a0137616ac4,5
1152,57549dd7-f9ea-408e-be73-a2353c747498,5
1153,6d0cf928-e7e0-4a4e-bf2c-2b35ec4d46c4,5
1154,98aa7889-2b56-4e23-b694-058144ba7af3,5
1155,2eaa17df-af47-4a37-85bd-7e7ba2e2f63d,5
1156,f193b5c3-79b3-45a6-a7d7-8aeec268b1cd,5
1157,69f0c809-9ab9-42e7-8dc4-6a7a4d3ab3b2,5
1158,ab6f187f-aaff-403b-bf2f-9f355e834949,5
1159,3e9db232-9050-4958-b506-07ed271274dd,5
1160,04f1854a-3cd8-4aee-a7ae-cb4d7b2444ed,5
1161,10c1d0f4-41fc-4774-88d6-4a268fb4958e,5
1162,9287d946-fe19-4cc3-8fc1-2a173b39806f,5
1163,2c44bac4-9e1a-48a5-94c4-1d910dc8fe2e,5
1164,43de6e56-1292-4804-b31a-b3dd64b5145d,5
1165,ba54ae6b-2002-48f1-bd15-715ff412f822,5
1166,fa5887a6-36df-4504-acfb-9090004d53ba,5
1167,ddb8f931-f7c1-4e6d-9468-2a6eaadeec46,5
1168,b6bfa0b1-0c07-4989-a1ca-560da075a87a,5
1169,fe2193db-57cc-45b3-bdc5-8b55d1e2fd98,5
1170,1e145447-b35d-48e6-900b-5ed316252cad,5
1171,3c448348-0c49-49b1-a89b-b935ad0ef435,5
1172,c64c6548-7bf9-4f55-bc92-bfdd11c5195c,5
1173,39f6af17-3bd8-4e45-8393-55bb6637bd4b,5
1174,c0227813-8516-495f-ada5-c69c1d131b29,5
1175,88dc4493-6547-466b-992b-490f0e33e1b0,5
1176,840ed046-4361-4440-8b7f-87502682582f,5
1177,cab2d36d-df06-41a4-98e2-8f53950cf83c,5
1178,4a98e664-179f-42a2-8dc9-454a5630eacf,5
1179,b8acd0f2-6408-4561-9f36-23aa66a65eb1,5
1180,bc83494f-d1a3-407c-8614-a4cba6e0369d,5
1181,2c1b796c-ed97-4cde-9444-b41b6de170ab,5
1182,d936ba5a-45fc-4cbd-860b-34a7c271b40b,5
1183,9012619b-f548-4b85-b2de-3de184b3467a,5
1184,27dfca7a-ceb8-44bd-af45-79f209941e55,5
1185,a6d2ea1c-0fd4-4e46-b4ab-3ad913391dce,5
1186,085b8199-21d5-4fbc-b76a-0b0a9a0f4378,5
1187,91042722-60ce-4ce5-97d8-409e9445a5da,5
1188,12189410-4e5e-4cd3-a112-359929504612,5
1189,29802e73-428c-4379-8803-0bd332c36ac9,5
1190,44b0b89a-b89d-45c4-a25f-1de36e6da06c,5
1191,3c95d07a-82fd-4b0a-bcd1-d1fd0fe4b08c,5
1192,420da08f-114a-4d13-a1f5-94e77fbd4aa5,5
1193,4e236793-d76e-49b7-b1a4-908fae2c0a9f,5
1194,2fe5a43a-8b88-4906-ad9c-aabfcc98080f,5
1195,a2894fcf-71c0-41b8-ae74-21301252c71f,5
1196,edc4b634-15d6-42c3-b259-18153ae2b53f,5
1197,8b077618-faaa-4627-9b07-49b648931edf,5
1198,712af926-0ef8-4459-a2fc-8bbdd2043e17,5
1199,f584a30e-0949-4117-9f48-1469eec0b6ab,5
1200,6395536b-0030-4174-be02-007ac9f7d087,5
1201,e79428b6-90e9-45a8-84b0-ae828a7238c7,5
1202,1d33ee39-8b0c-44ea-a23e-65105c72b68e,5
1203,b86c3485-bbf9-42ca-a516-825209672df9,5
1204,7ecaf48d-908a-4095-81ad-80156f68991c,5
1205,8e4c4a25-da11-4b44-9a4b-f8561ad875fa,5
1206,c85505fe-69f0-4e73-b0c8-460270a7fdc2,5
1207,4e983945-6c1b-443e-ab4e-8d26b758b3d5,5
1208,a6152233-e60c-40f3-944f-5a26d1417eb6,5
1209,90e3c4d1-d264-45dc-8ef1-1197c5e07f20,5
1210,0d9b262a-b1a9-4d92-bbe1-78faa16436a0,5
1211,61465177-3a20-4e19-83bb-cc14b4788cda,5
1212,43a70596-6041-4b10-8cb0-91f1b125b085,5
1213,d1909066-db9b-4b5a-8041-a039acd36779,5
1214,f64328bc-2bc2-473b-8b56-c4b6ef77b576,5
1215,af8aa979-04fc-4781-8ca2-9f8d877ee21e,5
1216,3624c0ed-5e6e-4ea2-8d4f-d1e3bcd192d9,5
1217,57057cf9-6ea7-447a-8c1c-a4189ff967b6,5
1218,dd6856b0-aabe-4cef-9562-ab37aaaf25d4,5
1219,31a4ae34-9dd7-44ec-a546-90dd7fa7bb99,5
1220,0fa31232-fc82-47ff-93ce-9300752b3b69,5
1221,17dd1756-59bd-496b-a45d-93ee8b2b6024,5
1222,386f9e6e-32d9-485d-b969-8865c71d66f0,5
1223,0cc9c58a-7aeb-4fe8-b0ff-ebffdc48c388,5
1224,d682126c-9733-48d1-8778-80cf3136758e,5
1225,43dedc49-26ad-48fa-9f00-342478bb6398,5
1226,8b022ace-c946-4e4d-8897-4792c6079abb,5
1227,8d3bd0ec-9c18-4bbc-9c9e-4a73554a0701,5
1228,04d883ad-921a-4fba-b4b6-5ff79feacb34,5
1229,7f8c4b05-84ba-41b0-ac1d-ba9611d97a31,5
1230,9024add5-5b04-4cc9-b0ef-c29a0d12c32b,5
1231,aecfa39f-0380-431f-81c4-44563c198223,5
1232,9e7ea61f-f204-449d-b257-cbe8e7e347e0,5
1233,fb020197-67c9-49a8-b991-496f3fc21c92,5
1234,5f615c05-9fb0-484c-bdb9-8de9d38894df,5
1235,1c4c0b12-e080-4634-8537-b2c5d24358b9,5
1236,574708b3-8357-4010-92ac-fe561d3e3754,5
1237,4bccf1af-d01c-4cab-971a-af56fcdc7a87,5
1238,69dd21e2-e81e-47b0-a3bc-2f4f0c37b7a8,5
1239,6fe8ce42-52d3-4091-a02d-7ddc7a04d29d,5
1240,74d2b5a0-19d3-45ab-98a8-9b3b175a107b,5
1241,7c85e5ec-d8c1-44a8-bc52-73ef1f8b47fa,5
1242,8edf29c4-6a80-45df-b8d1-240fb6387d6c,5
1243,bdee6dc6-f997-48aa-9c7f-53ccd872621b,5
1244,36abdbd4-f9f3-481e-85a0-317ed612c7f5,5
1245,fb844c60-a918-4a64-93aa-02e298a4a27b,5
1246,d14ef089-b540-430d-a030-c9ae453345e0,5
1247,fa5e4844-c54a-49ab-8675-73449bc9636e,5
1248,e61db23c-ca61-4d2c-99aa-6fac645b8e40,5
1249,87cac586-6b30-44b9-bfa0-3ff90566e086,5
1250,60669a94-ba0d-4a5a-8a14-1d626d9ba31f,5
1251,be145675-47e6-4247-b6af-14ce1ce7be04,5
1252,39a813cf-80b2-4f4c-a01f-27d81ec4ad6a,5
1253,3d161707-9587-465e-a526-49350bba7520,5
1254,ca94f724-4e27-4852-bbbd-8777ce1e44e4,5
1255,0d68426c-bbfb-4626-a47a-69f37df9d42a,5
1256,0e367bbc-1f92-4175-ad08-1b05c1023a58,5
1257,f36973e1-7fbc-4b2c-89f9-50dd94be2c16,5
1258,01a52ab1-55f1-42fb-ba09-bc81d6e4ecc8,5
1259,897ae5ab-2659-4789-af1f-974e2092fc4d,5
1260,533650d2-d8fd-4072-a33c-4d6545060dcc,5
1261,746fcdc8-24c3-47dc-a095-6e87a01bcfd0,5
1262,12a78692-e645-4d5c-9cee-5d7092a78f2a,5
1263,063f313a-6a08-4e9b-9e14-ef757baf65bc,5
1264,4dc5ec56-3a5f-4cd7-83b0-0b6ae52c302b,5
1265,00191b3f-e0bf-44ba-9eee-b1f2abf63b75,5
1266,44a68116-e1f3-4960-9df2-b8f4ac326f13,5
1267,45f7ec34-a05f-4a49-ae15-633fddcd8726,5
1268,57bd47e8-c4c5-4a9c-b0e3-c265a0f1295c,5
1269,ee4528d9-4b5f-4f04-9e63-be9e84330835,5
1270,0a3b133e-3d41-43a5-bf95-ccfedad8126c,5
1271,e218cb85-d7a7-4c1e-b288-343a82e70e93,5
1272,e7664703-770c-45a0-923b-2337f06fb875,5
1273,836e94b4-518e-4ef2-ba92-656293842364,5
1274,59eda063-9b16-438d-80bb-4e2140ec6e4a,5
1275,0323a351-5961-4f90-a467-3891529c2edb,5
1276,51e3ba7a-ad2d-475b-acb1-d020ab089186,5
1277,6483d267-fb74-4f3a-8edb-7b34e921014b,5
1278,c4aa5316-5764-4145-9add-3586383a1ede,5
1279,634acf29-9306-46ba-99d9-4d0f911cfb9c,5
1280,540a953c-6197-4468-ba13-db83cdea11a1,5
1281,932c995c-3352-49b6-a38a-385b2dab6892,5
1282,5d8fe04d-00ee-4c42-8164-b89eecb77c38,5
1283,4cf9dc55-e334-480c-8d8f-04bbd2496408,5
1284,3cf30593-e4f7-4ee6-b5c5-8f3e865cc1f6,5
1285,0b6888bb-ff35-4ce6-b87d-1d2669f5ff3a,5
1286,8d430919-b9bc-4a93-9e45-d99d25292ed0,5
1287,d6877156-42b0-4b4b-ab95-c3e36b574928,5
1288,858d20e5-ab1c-4118-82d0-3ef51b42d37e,5
1289,ee2e8994-3432-4acb-8fdf-d2d0b9410cbf,5
1290,2c2d80fc-7cfd-4144-a722-2f4b2f611fa9,5
1291,f51039a3-ace4-4f0b-b806-de13f7b4cf25,5
1292,7cf57acc-66e5-4d18-8612-59453d38ae5d,5
1293,2ddbfb50-da21-4399-8c23-70870fdb6d41,5
1294,00181119-61c1-4c48-b3a1-9978e63abca7,5
1295,56e4c073-dfef-45a3-a455-8e13a7bfab58,5
1296,3c7e1e3f-fd13-4512-9b3d-6e4f84bbf3f6,5
1297,597dca00-a0ba-41a9-9fbd-ddd255a85f27,5
1298,12ed8f0e-2462-44bf-944a-5bb548e7b323,5
1299,7f4c3305-7a4b-4866-a222-739d251ef052,5
1300,c38f90b2-dfee-41e8-9f61-70fcc071cf4e,5
1301,82e64945-e5cc-4255-98c5-67b38e99199f,5
1302,ea4d35b8-ced7-4897-bfd5-e6a284a43a4e,5
1303,73205f51-473b-4734-99a7-b1e58cdb8032,5
1304,d114a777-1b30-48a0-904f-aad2432fe63c,5
1305,27665a35-bffd-4c7a-a4d7-90772d1d3116,5
1306,cdf6aab3-2d67-464b-9486-4403c361e535,5
1307,70bace81-66ea-459e-92d9-34e9b4aa54f2,5
1308,73d5f14a-593b-4158-a20b-e2dd5720de77,5
1309,a647b4d7-70f3-4e7b-bfc1-7234b2497ebd,5
1310,2db5c410-806f-42b6-b967-1d271ff9b5ee,5
1311,b8be8b41-11cf-4151-9a45-0e409f0f4a25,5
1312,3c34c353-455d-4c41-97e1-c9ec1f52de70,5
1313,76a8fd8e-08db-4c10-8b88-e19e618037e3,5
1314,db3840d6-4ddc-4cbd-8c53-ce6b13edd4a0,5
1315,a257d240-98d6-4ad5-8091-1c73be60ccc2,5
1316,07400d30-1f36-4b06-9cfa-5176a0069a2c,5
1317,3f2e3e16-ed2d-4680-b7a4-92ead7568dbb,5
1318,4fb6d4ae-066f-4453-b0fb-187cd8a2d123,5
1319,2a3b3b6b-c478-4cc4-9d4d-07a5f149f1e2,5
1320,5bb9b095-08ad-49c1-98e7-64e4afff2dfb,5
1321,5e8e5251-a9f5-410f-94d3-7379111215b0,5
1322,850f8bd9-8523-4b14-b7f4-f520d90cde9c,5
1323,7a54fa98-c7c5-4d53-adea-3f0f732344a6,5
1324,3713bddf-5cc9-40cc-9fd5-4750876538a6,5
1325,6aa55702-1d73-4765-b231-d67e88a503c7,5
1326,662a46c9-9f21-46c2-9ca7-5f3a804c90e6,5
1327,bc9f7cea-eed7-41c3-b533-e35906026b66,5
1328,2fdef2ac-c990-4f7c-a2b2-b2862cce4d03,5
1329,20c1478d-7aab-4b02-a79a-d42d78c982f7,5
1330,2e3bc499-9a8a-4b35-ab5c-4146a827c430,5
1331,ab7d218d-ada5-4f77-bcff-92e73a1764fc,5
1332,3df7b5f3-d1f0-41bf-a55c-67fcb188c5aa,5
1333,a2820aef-3bb4-44d9-a465-b0e7d01fa389,5
1334,cd79a6f9-275c-4c96-97a4-b5f7aaa05991,5
1335,801df4eb-be1f-4c62-9e0b-f6186eceb27f,5
1336,2698940f-6dbb-4e86-8033-64528914bd73,6
1337,b76f4ca7-7e6d-408c-9b9b-bc5199fcaa82,6
1338,423e8ff7-eb17-42ab-a82e-688db4ec3bcb,6
1339,274c88c0-91b3-497d-8324-095a0dde3ccc,6
1340,8f0a817b-e98f-4e42-8149-9b06ea37eb52,6
1341,9232597a-e625-435c-9c0a-2292447a4daa,6
1342,be7dd977-5fa8-4478-a0eb-cfeef341e497,6
1343,0eaeb68f-f2b8-4c8a-8490-9ac3a8a8ac92,6
1344,4f0866c1-c251-4c93-a93b-7d2a7a7be0a3,6
1345,3f4cc9ef-f459-43bf-88bb-92a8fa082b3d,6
1346,b6bfa0b1-0c07-4989-a1ca-560da075a87a,6
1347,fe2193db-57cc-45b3-bdc5-8b55d1e2fd98,6
1348,39f6af17-3bd8-4e45-8393-55bb6637bd4b,6
1349,c0227813-8516-495f-ada5-c69c1d131b29,6
1350,4a98e664-179f-42a2-8dc9-454a5630eacf,6
1351,b8acd0f2-6408-4561-9f36-23aa66a65eb1,6
1352,2e00f95e-c1e4-4237-a55b-46b017700539,6
1353,ed6a34f7-2bb3-450d-83a5-feec16a96634,6
1354,55f8985a-74f0-4185-b79b-4ab0f0a9d118,6
1355,6920507a-2d63-401b-9774-1c3d2936adf3,6
1356,369cf711-fb2f-4385-a966-f50fba380ce7,6
1357,04d883ad-921a-4fba-b4b6-5ff79feacb34,6
1358,fb844c60-a918-4a64-93aa-02e298a4a27b,6
1359,60669a94-ba0d-4a5a-8a14-1d626d9ba31f,6
1360,40b6cd9c-0e08-49c8-91f6-8926e2cbb76a,6
1361,007ec38c-e135-4904-abcb-f317f230156b,6
1362,cfe63bb8-bf95-4ff3-af16-0f7836dd5082,6
1363,4440670a-2e97-4ccf-8b2f-286a0a59c6a0,6
1364,09dde2b6-815c-4310-8a75-4bc179e81958,6
1365,9119f52b-fbe6-493f-8838-e49f12393c22,6
1366,c110b7e9-b5ee-4fed-afd9-0ed6222db9d3,7
1367,a363ab58-4f29-49af-b9e9-e6765f42f8b2,7
1368,91b4bb32-692b-4fe3-8845-f8fcb7571f1b,7
1369,7356396b-3745-469b-853b-20c23e72c3b8,7
1370,ef144e76-fc23-4a00-bd86-1f673140e039,7
1371,36c64f33-73d9-46cc-bbe9-ed40926a95dd,7
1372,6a66718c-d86c-46af-afb7-06cac8d77fdc,7
1373,c36ed73b-720a-49ba-a440-7a8f514d0916,7
1374,aebaf185-4dea-4c74-b487-70ff82b5db1a,7
1375,1a8f3074-aa2e-4b73-af21-d6991293d908,7
1376,157620d9-ab55-44d8-91db-b84ae521df87,7
1377,63cf2c48-4369-4ffb-b49f-9d028b820638,7
1378,d8b835dc-406c-434d-921e-64d7ca779795,7
1379,bc7a0cd8-64f9-4338-a15b-cd6717a627aa,7
1380,2294aa72-a2e9-4a92-8217-a4d3595c8b6d,7
1381,22357198-1e57-43b4-b56f-1798d76613df,7
1382,13a86f0c-99a9-44be-afd2-453651e27bc8,7
1383,62215c9a-1d41-4b2b-8781-75bf0f8b0931,7
1384,2b3e2582-efaa-42d2-9af0-c57e5eb74333,7
1385,b624bea8-3e44-4bed-b779-0fc9f54102d0,7
1386,3823b99a-9bb0-47d3-b03b-851ea7277749,7
1387,bbf870c3-795d-464b-a263-661169a20df3,7
1388,7b4e7392-0377-4f8e-8ce7-235d429fea75,7
1389,bf092690-2f01-4150-a035-6bda27846f08,7
1390,8f5d6ae2-67bc-4a45-8219-c07a5b54cd4b,7
1391,01a9b000-37ed-4cbe-bddb-decfc6eee45d,7
1392,168276c2-3c17-4e57-b997-c58fc817bd5e,7
1393,56708a11-777d-4533-a277-0945a620a787,7
1394,62d93b51-5fa3-4911-b38e-dd8e181fe4fd,7
1395,8616326a-8c7d-4771-8b68-3f699ebea704,7
1396,01484596-3eeb-4787-b744-6c40ce544cd9,1
1397,02c35551-c586-479e-82a9-fb97ff9ae1f7,1
1398,03b35e36-508f-43fb-a6e5-82113f453d53,1
1399,050c57f3-d2fd-4402-b2d6-9751ce92644c,1
1400,17d92c8c-b87f-4d54-b9be-71f8cbf9c979,1
1401,17fff5da-c4bf-47b0-a4fc-34f6a7fd16bc,1
1402,1bd54b2c-1eb9-4a96-802b-f5b46b79c69b,1
1403,1c3c81ab-1dea-41ec-881b-522773520598,1
1404,1e4f7876-6db9-46f5-bc12-20b1186f0fe5,1
1405,2057b1b0-b780-4b40-89af-b6e988757f34,1
1406,24fe0bee-8b4c-4a19-bc56-e228c784c698,1
1407,25199f4d-6e4b-4eb1-aa3d-1289ee041161,1
1408,2688ed97-b827-4805-add4-b31c5d276c6d,1
1409,284b9f48-6cd9-48dc-84e2-007a0b991106,1
1410,36472984-7b29-4ac5-b9ee-93ad55edf648,1
1411,3864325e-1c54-495e-b0d5-6bea53cb196f,1
1412,38db0e87-1e84-47cc-bb34-e88eeb67b231,1
1413,3c138d9a-05e4-4496-b1bb-9f65514a1aba,1
1414,40406693-f66c-4e4e-a8a3-d89fedbc88d6,1
1415,4126aa70-bb06-4c0b-9ab0-8e25106d49d6,1
1416,42f0a8db-43f2-4969-bd9d-15897fbeaa59,1
1417,43c5ad13-7a49-4c89-b915-b9f7e07b35da,1
1418,44aa502f-a67f-49a1-898a-52ae134a4608,1
1419,456d9227-8d2b-4da1-8cd9-28e06a6d4b3b,1
1420,48a87c42-fee3-4435-b503-9ec9fa823ee6,1
1421,4cf9f7bb-ada0-4172-8509-a57e415ae56e,1
1422,506dae01-2468-4f9b-a651-bbdce7ad77b0,1
1423,50a8e045-d9be-491b-83ad-7b94c3e77ed0,1
1424,55b97d61-598f-4680-9fa4-51d3323bd348,1
1425,57f81034-a464-41f4-8c4f-66dc9379a7d2,1
1426,5827b546-62c1-4711-aa37-20c7a4687ac5,1
1427,5a3f300e-c483-465a-b9be-21ecc5ff6981,1
1428,5eb4f767-ab41-49d8-ad75-3633755a2357,1
1429,62cceed8-2cb3-4da9-8fa4-87a8fb2b611a,1
1430,68a2e8c3-72e8-4860-82c9-5b44a192d691,1
1431,68d8974e-891a-46d1-a307-aaad946a130e,1
1432,6e571723-1531-4131-8bdf-99cf279cc0de,1
1433,6f5fd9e9-8a8a-4d08-bcf1-b51b5f1fbe9c,1
1434,71570cc7-9630-46c9-bf51-3c4b9b7c3347,1
1435,78102d4b-4959-49cc-a459-0164f7687216,1
1436,788f896c-b3d4-4ba8-877d-06c885dac4b3,1
1437,7b83571c-0116-400c-914f-1561145eb285,1
1438,7d3fbe5c-9ccc-4964-a3a4-8778a2efb9db,1
1439,7ef86cdf-6dee-4a24-aeb3-1f954f45ba62,1
1440,808d2cdc-2e63-48c0-b519-6d967e597a3e,1
1441,81106a96-52b1-4cc0-b114-302117924c2f,1
1442,86951aa0-9051-48e2-880d-36af732ced0f,1
1443,86f2c21e-e3c2-44e8-a506-28146f952603,1
1444,8886e3b6-1b33-4424-b286-1d81165ad78f,1
1445,89fe201f-dae9-405d-aa65-8b2d61192539,1
1446,8a3024c1-6cf4-4035-ab61-188fdf63a593,1
1447,8a4a7443-cdd3-4c90-aa99-49da5c266ad6,1
1448,8e931448-4d03-49f9-8d99-90691e0116e7,1
1449,8ef6e11f-82eb-4968-b1a8-6cf699ebe331,1
1450,957b0ff3-03cb-46bd-bf2f-3c42058b9d87,1
1451,9bffcb38-0a2a-4969-ab06-3b9acb1d651a,1
1452,9d6042e4-f58e-44c8-b802-80566ca47971,1
1453,a34b24ae-38c5-4d11-81b4-f004e2a03187,1
1454,a56bc0b0-05e0-4cda-8541-05fc988e94e6,1
1455,ae46f001-6a24-4ee3-9b1f-864774a6ad2e,1
1456,aeb0bca0-8cdc-4ac3-8113-62e7b4424b82,1
1457,aebcf77b-9056-46bc-bb84-bb0a704010e9,1
1458,af04dca6-9442-48d4-84f2-c98a901a24fc,1
1459,b1ed3fc3-6ab3-4c30-b80d-a36559d8fd4c,1
1460,b37bb31b-7d49-444d-89d6-320b0f18cf31,1
1461,b4ae57fe-afb0-48a3-8fb5-6fa3b820bcf6,1
1462,bb06d37d-77d6-43bb-89ee-10a3dec05149,1
1463,bd8b1ab6-dc7a-49b8-87e8-c0510adfdd07,1
1464,c2b7b79f-61e9-44a4-b238-9bfbbfc4b640,1
1465,c3e0219f-199e-4749-be4f-662baa2bce05,1
1466,c517d7e3-1a4f-4fa4-91c8-7fc98ecb1043,1
1467,c6b8952e-eb13-43c9-a18d-9ee600f44c99,1
1468,c86bee40-d30b-42ae-b246-e63b0a8f5f68,1
1469,c9a55236-db10-41e2-bf0d-f1654dc04e9c,1
1470,caab8b76-3491-4793-8fbc-3dabf728281d,1
1471,cb56942b-4a8d-45ad-ad33-21b32d0de6bd,1
1472,cc35cba7-fd0b-4786-a636-ae738df8cef2,1
1473,cd7be9a6-cdd5-4935-a840-016fe3cbeead,1
1474,cdf57ab8-83ee-4d22-b098-bdb22be3c04c,1
1475,d61784cc-4da7-47f7-9fe6-b65104914490,1
1476,d78fb215-49c7-4bba-996f-0ed71585bf45,1
1477,e20e55e4-4aa9-495f-89e4-c1e69005944b,1
1478,e612c0c6-984d-4910-9312-8d693c8ffdb8,1
1479,eb6edeb7-6a35-4db4-98b2-e8e1dd6c0722,1
1480,ed039556-c173-4607-b2fd-a3edb3004985,1
1481,edf9e9cd-2669-47ef-8f17-bbfdbd3a8e49,1
1482,f6a652c8-1084-4c63-ae33-baf3a02f3a35,1
1483,f6cac0fe-0d16-4f43-9936-afb5722f6f5d,1
1484,f95376bd-cf5f-455a-b8d3-06d87e8384be,1
1485,fa1e3d1a-f417-497a-bc85-0535ed97d88e,1
1486,fd2eed06-14b8-4d13-8bde-080d0b21b048,1