id,video_id,title,thumbnail_url,published_at,is_live,updated_at
2,yZLMXj7M9nY,Siaran Pers - Berita Resmi Statistik Agustus 2026,https://i.ytimg.com/vi/yZLMXj7M9nY/hqdefault.jpg,2026-08-03 19:19:35+00,false,2026-09-02 08:57:00.013535+00
3,MJFoFuT85kA,MEETING MINGGUAN SE2026,https://i.ytimg.com/vi/MJFoFuT85kA/hqdefault.jpg,2026-07-24 01:51:22+00,false,2026-09-02 08:57:00.013535+00
4,If5qsMzz7hE,Rilis Berita Resmi Statistik BPS Kota Malang Edisi Juli 2026,https://i.ytimg.com/vi/If5qsMzz7hE/hqdefault.jpg,2026-07-01 19:36:04+00,false,2026-09-02 08:57:00.013535+00
5,sa5zLJMg6YE,Siaran Pers Berita Resmi Statistik Juni 2026,https://i.ytimg.com/vi/sa5zLJMg6YE/hqdefault.jpg,2026-06-02 19:38:44+00,false,2026-09-02 08:57:00.013535+00
6,9hiHqxSyF4g,Gladi resik Rilis,https://i.ytimg.com/vi/9hiHqxSyF4g/hqdefault.jpg,2026-06-02 05:18:30+00,false,2026-09-02 08:57:00.013535+00
7,_dooeR92yTY,SIARAN PERS : BERITA RESMI STATISTIK MEI 2026,https://i.ytimg.com/vi/_dooeR92yTY/hqdefault.jpg,2026-05-04 19:15:49+00,false,2026-09-02 08:57:00.013535+00
8,Gn2A2y4HWDY,SIARAN PERS : BERITA RESMI STATISTIK APRIL  2026,https://i.ytimg.com/vi/Gn2A2y4HWDY/hqdefault.jpg,2026-04-01 19:30:30+00,false,2026-09-02 08:57:00.013535+00
9,ct4-6lfnsNw,SIARAN PERS : BERITA RESMI STATISTIK Maret 2026,https://i.ytimg.com/vi/ct4-6lfnsNw/hqdefault.jpg,2026-03-02 19:29:13+00,false,2026-09-02 08:57:00.013535+00
10,q8vRTkjKLuk,SIARAN PERS : BERITA RESMI STATISTIK FEBRUARI 2026,https://i.ytimg.com/vi/q8vRTkjKLuk/hqdefault.jpg,2026-02-02 19:40:54+00,false,2026-09-02 08:57:00.013535+00
11,zHugj7O4Bxc,Siaran Pers - Berita Resmi Statistik Januari 2026,https://i.ytimg.com/vi/zHugj7O4Bxc/hqdefault.jpg,2026-01-05 20:32:24+00,false,2026-09-02 08:57:00.013535+00
12,m0EjRD8RByM,PRESS RELEASE BERITA RESMI STATISTIK - JANUARI 2026,https://i.ytimg.com/vi/m0EjRD8RByM/hqdefault.jpg,2026-01-05 07:28:29+00,false,2026-09-02 08:57:00.013535+00
13,9c11neebPN8,GR - PRESS RELEASE,https://i.ytimg.com/vi/9c11neebPN8/hqdefault.jpg,2026-01-05 04:29:50+00,false,2026-09-02 08:57:00.013535+00
14,SnE37p4QupI,Press Rilis Berita Resmi Statistik Desember 2025,https://i.ytimg.com/vi/SnE37p4QupI/hqdefault.jpg,2025-12-01 19:10:40+00,false,2026-09-02 08:57:00.013535+00
15,ETn0sIWDbvE,Press Release Berita Resmi Statistik - Desember 2025,https://i.ytimg.com/vi/ETn0sIWDbvE/hqdefault.jpg,2025-12-01 18:33:56+00,false,2026-09-02 08:57:00.013535+00
16,InQ75vVAWbo,Press Release Berita Resmi Statistik November 2025,https://i.ytimg.com/vi/InQ75vVAWbo/hqdefault.jpg,2025-11-03 19:12:55+00,false,2026-09-02 08:57:00.013535+00
17,oOLsOOqgPNQ,Gladi Resik PRESS RILIS BRS,https://i.ytimg.com/vi/oOLsOOqgPNQ/hqdefault.jpg,2025-11-03 04:58:57+00,false,2026-09-02 08:57:00.013535+00
18,Al6WXBvXW7A,Press Release Berita Resmi Statistik Oktober 2025,https://i.ytimg.com/vi/Al6WXBvXW7A/hqdefault.jpg,2025-10-01 19:23:35+00,false,2026-09-02 08:57:00.013535+00
19,7EpaCVg_fiM,Webinar Dalam Rangka Hari Statistik Nasional 2025,https://i.ytimg.com/vi/7EpaCVg_fiM/hqdefault.jpg,2025-09-24 20:26:36+00,false,2026-09-02 08:57:00.013535+00
20,kN9deCyas_U,Press Rilis Berita Resmi Statistik Agustus 2025,https://i.ytimg.com/vi/kN9deCyas_U/hqdefault.jpg,2025-08-01 19:44:11+00,false,2026-09-02 08:57:00.013535+00
21,Gw0JT0PAEOE,Press Release Berita Resmi Statistik Juli 2025,https://i.ytimg.com/vi/Gw0JT0PAEOE/hqdefault.jpg,2025-07-01 19:40:12+00,false,2026-09-02 08:57:00.013535+00
102,CuVHw6sRLvI,Press Rilis Berita Resmi Statistik Juni 2025,https://i.ytimg.com/vi/CuVHw6sRLvI/hqdefault.jpg,2025-06-02 19:02:41+00,false,2026-09-02 08:57:00.013535+00
103,vkHJ1EaJW0A,Release BRS 2 Mei 2025,https://i.ytimg.com/vi/vkHJ1EaJW0A/hqdefault.jpg,2025-05-02 18:49:50+00,false,2026-09-02 08:57:00.013535+00
104,2YLCqAQETXU,Press Release Berita Resmi Statistik April 2025,https://i.ytimg.com/vi/2YLCqAQETXU/hqdefault.jpg,2025-04-08 18:57:58+00,false,2026-09-02 08:57:00.013535+00
105,RJVKTkipkRs,Press Release Berita Resmi Statistik,https://i.ytimg.com/vi/RJVKTkipkRs/hqdefault.jpg,2025-03-03 18:50:22+00,false,2026-09-02 08:57:00.013535+00
106,5TqwqtuWa3U,Sosialisasi Layanan PST BPS Kota Malang dan HaloPST,https://i.ytimg.com/vi/5TqwqtuWa3U/hqdefault.jpg,2025-02-06 17:08:32+00,false,2026-09-02 08:57:00.013535+00
107,7jPld20Okxs,Sosialisasi Layanan PST BPS Kota Malang dan HaloPST,https://i.ytimg.com/vi/7jPld20Okxs/hqdefault.jpg,2025-02-06 15:37:27+00,false,2026-09-02 08:57:00.013535+00
108,ivgQzOvel8Y,Rilis Pers - Berita Resmi Statistik Februari 2025,https://i.ytimg.com/vi/ivgQzOvel8Y/hqdefault.jpg,2025-02-03 18:24:51+00,false,2026-09-02 08:57:00.013535+00
109,bnCFm2W-KKo,Rilis Berita Resmi Statistik BPS Kota Malang Januari 2025,https://i.ytimg.com/vi/bnCFm2W-KKo/hqdefault.jpg,2025-01-02 18:39:46+00,false,2026-09-02 08:57:00.013535+00
110,Rdu0ZLsKqLA,Press Release Berita Resmi Statistik Desember 2024,https://i.ytimg.com/vi/Rdu0ZLsKqLA/hqdefault.jpg,2024-12-02 19:07:44+00,false,2026-09-02 08:57:00.013535+00
111,dprmYCOnFGQ,Press Release Berita Resmi Statistik November 2024,https://i.ytimg.com/vi/dprmYCOnFGQ/hqdefault.jpg,2024-11-01 18:38:39+00,false,2026-09-02 08:57:00.013535+00
112,FUIh7BeukGE,Press Release Berita Resmi Statistik Oktober 2024,https://i.ytimg.com/vi/FUIh7BeukGE/hqdefault.jpg,2024-10-01 19:55:12+00,false,2026-09-02 08:57:00.013535+00
113,fnNdJR8pFaI,Press Release Berita Resmi Statistik,https://i.ytimg.com/vi/fnNdJR8pFaI/hqdefault.jpg,2024-09-02 18:50:55+00,false,2026-09-02 08:57:00.013535+00
114,TCYZNg3l9NI,Press Release Berita Resmi Statistik,https://i.ytimg.com/vi/TCYZNg3l9NI/hqdefault.jpg,2024-08-05 23:10:55+00,false,2026-09-02 08:57:00.013535+00
115,fM1Ej4OYm2A,Press release berita Resmi Statistik,https://i.ytimg.com/vi/fM1Ej4OYm2A/hqdefault.jpg,2024-08-01 19:12:38+00,false,2026-09-02 08:57:00.013535+00
116,Jyr8Pb9xYRU,Press Release Berita Resmi Statistik,https://i.ytimg.com/vi/Jyr8Pb9xYRU/hqdefault.jpg,2024-07-01 19:04:13+00,false,2026-09-02 08:57:00.013535+00
117,SK9uoUHh8v8,Press Release Berita Resmi Statistik,https://i.ytimg.com/vi/SK9uoUHh8v8/hqdefault.jpg,2024-06-03 19:06:17+00,false,2026-09-02 08:57:00.013535+00
118,pSl138aoldM,Press Release Berita Resmi Statistik - BPS Kota Malang,https://i.ytimg.com/vi/pSl138aoldM/hqdefault.jpg,2024-05-02 18:49:35+00,false,2026-09-02 08:57:00.013535+00
119,zcR1YkHgRJs,Press Release Berita Resmi Statistik - BPS Kota Malang,https://i.ytimg.com/vi/zcR1YkHgRJs/hqdefault.jpg,2024-04-01 18:59:52+00,false,2026-09-02 08:57:00.013535+00
120,3IAL-V4yWeU,Press Release Berita Resmi Statistik - BPS Kota Malang,https://i.ytimg.com/vi/3IAL-V4yWeU/hqdefault.jpg,2024-03-01 19:53:51+00,false,2026-09-02 08:57:00.013535+00
121,5PtFPtgfxNw,Press Release Berita Resmi Statistik BPS Kota Malang,https://i.ytimg.com/vi/5PtFPtgfxNw/hqdefault.jpg,2024-02-01 19:17:53+00,false,2026-09-02 08:57:00.013535+00
122,FVISAOtrkkQ,"Rilis Berita Resmi Statistik, BPS Kota Malang",https://i.ytimg.com/vi/FVISAOtrkkQ/hqdefault.jpg,2024-01-02 18:44:21+00,false,2026-09-02 08:57:00.013535+00
123,s6TVlxW8IzQ,"Rilis Berita Resmi Statistik, BPS Kota Malang",https://i.ytimg.com/vi/s6TVlxW8IzQ/hqdefault.jpg,2023-11-01 18:55:16+00,false,2026-09-02 08:57:00.013535+00
124,R0gO1N_nK5w,"Press Release Berita Resmi Statistik, BPS Kota Malang",https://i.ytimg.com/vi/R0gO1N_nK5w/hqdefault.jpg,2023-10-02 18:37:41+00,false,2026-09-02 08:57:00.013535+00
125,3PKCHKna-80,Seminar Hari Statistik Nasinonal 2023,https://i.ytimg.com/vi/3PKCHKna-80/hqdefault.jpg,2023-09-20 05:50:39+00,false,2026-09-02 08:57:00.013535+00
126,yb_NBdAW61o,Press Release Berita Resmi Statistik Kota Malang - September 2023,https://i.ytimg.com/vi/yb_NBdAW61o/hqdefault.jpg,2023-09-01 18:26:17+00,false,2026-09-02 08:57:00.013535+00
127,u66iDmfpVCY,Rilis Berita Resmi Statistik BPS Kota Malang,https://i.ytimg.com/vi/u66iDmfpVCY/hqdefault.jpg,2023-08-01 18:28:58+00,false,2026-09-02 08:57:00.013535+00
128,kZnhiuQa5AM,Press Release Berita Resmi Statistik Kota Malang - Juli 2023,https://i.ytimg.com/vi/kZnhiuQa5AM/hqdefault.jpg,2023-07-03 18:29:32+00,false,2026-09-02 08:57:00.013535+00
129,PmVAx5zRZ1I,Press Release Berita Resmi Statistik Kota Malang - Mei 2023,https://i.ytimg.com/vi/PmVAx5zRZ1I/hqdefault.jpg,2023-06-05 18:39:48+00,false,2026-09-02 08:57:00.013535+00
130,1dJ_H5_Z_SI,Press Release Berita Resmi Statistik Kota Malang - Mei 2023,https://i.ytimg.com/vi/1dJ_H5_Z_SI/hqdefault.jpg,2023-05-02 18:40:35+00,false,2026-09-02 08:57:00.013535+00
131,vuWmpGTOVWk,Press Release Berita Resmi Statistik Kota Malang - April 2023,https://i.ytimg.com/vi/vuWmpGTOVWk/hqdefault.jpg,2023-04-03 18:56:30+00,false,2026-09-02 08:57:00.013535+00
132,6jYFTUcG134,"Press Release Berita Resmi Statistik, BPS Kota Malang - Maret 2023",https://i.ytimg.com/vi/6jYFTUcG134/hqdefault.jpg,2023-03-01 19:15:55+00,false,2026-09-02 08:57:00.013535+00
133,0sS8nhFnGaU,"Rilis Berita Resmi Statistik, BPS Kota Malang",https://i.ytimg.com/vi/0sS8nhFnGaU/hqdefault.jpg,2023-02-01 18:41:26+00,false,2026-09-02 08:57:00.013535+00
134,VewZMaq9zfA,Rilis Berita Resmi Statistik - BPS Kota Malang,https://i.ytimg.com/vi/VewZMaq9zfA/hqdefault.jpg,2023-01-02 18:34:24+00,false,2026-09-02 08:57:00.013535+00
135,9qeSkmfOkVU,Rilis Berita Resmi Statistik -  BPS Kota Malang [Oktober 2022],https://i.ytimg.com/vi/9qeSkmfOkVU/hqdefault.jpg,2022-10-03 18:37:50+00,false,2026-09-02 08:57:00.013535+00
136,HA-tsAlXQKg,Implementasi Big Data dalam Pembangunan Sosial Ekonomi,https://i.ytimg.com/vi/HA-tsAlXQKg/hqdefault.jpg,2022-09-22 05:45:56+00,false,2026-09-02 08:57:00.013535+00
137,nTEISgNd1vw,Implementasi Big Data dalam Pembangunan Sosial Ekonomi,https://i.ytimg.com/vi/nTEISgNd1vw/hqdefault.jpg,2022-09-22 01:39:37+00,false,2026-09-02 08:57:00.013535+00
138,888BIpAB1Nk,Webinar Statistik Series 2022 - #1 Fenomena Pengangguran Terdidik Kota Malang,https://i.ytimg.com/vi/888BIpAB1Nk/hqdefault.jpg,2022-09-07 04:45:16+00,false,2026-09-02 08:57:00.013535+00
139,0LVt2XottEQ,Rilis Berita Resmi Statistik Bulan Agustus 2022,https://i.ytimg.com/vi/0LVt2XottEQ/hqdefault.jpg,2022-08-01 18:35:58+00,false,2026-09-02 08:57:00.013535+00
140,m_3xNYBHKIo,BPS Kota Malang&#39;s Zoom Meeting,https://i.ytimg.com/vi/m_3xNYBHKIo/hqdefault.jpg,2022-07-01 18:42:51+00,false,2026-09-02 08:57:00.013535+00
141,T2R0OQeO9ts,BPS Kota Malang&#39;s Zoom Meeting,https://i.ytimg.com/vi/T2R0OQeO9ts/hqdefault.jpg,2022-06-02 18:31:54+00,false,2026-09-02 08:57:00.013535+00
142,7jMTMgYrXOY,Pembukaan Pelatihan Petugas Longform SP2020,https://i.ytimg.com/vi/7jMTMgYrXOY/hqdefault.jpg,2022-05-11 14:40:41+00,false,2026-09-02 08:57:00.013535+00
143,pUUUeHUG9CM,BPS Kota Malang&#39;s Zoom Meeting,https://i.ytimg.com/vi/pUUUeHUG9CM/hqdefault.jpg,2022-05-09 18:28:34+00,false,2026-09-02 08:57:00.013535+00
144,4aIeMObWCIk,RILIS BERITA RESMI STATISTIK KOTA MALANG,https://i.ytimg.com/vi/4aIeMObWCIk/hqdefault.jpg,2022-04-01 18:36:07+00,false,2026-09-02 08:57:00.013535+00
145,V9sBz-1s3vY,Peresmian Pojok Statistik &amp; Kuliah Umum di Universitas Brawijaya,https://i.ytimg.com/vi/V9sBz-1s3vY/hqdefault.jpg,2022-03-21 06:03:16+00,false,2026-09-02 08:57:00.013535+00
146,k5fQey6rJIE,Rilis Data Strategis Kota Malang Maret 2022,https://i.ytimg.com/vi/k5fQey6rJIE/hqdefault.jpg,2022-03-01 18:53:47+00,false,2026-09-02 08:57:00.013535+00
147,BGwfRgCjQ-I,BPS Kota Malang&#39;s Zoom Meeting,https://i.ytimg.com/vi/BGwfRgCjQ-I/hqdefault.jpg,2022-02-02 18:31:38+00,false,2026-09-02 08:57:00.013535+00
148,wBoywfIghss,Rilis Berita Resmi Statistik : Inflasi Kota Malang Desember 2021,https://i.ytimg.com/vi/wBoywfIghss/hqdefault.jpg,2022-01-03 18:34:21+00,false,2026-09-02 08:57:00.013535+00
149,V7TBY-_KAPs,"Rilis Berita Resmi Statistik , 1 Desember 2021",https://i.ytimg.com/vi/V7TBY-_KAPs/hqdefault.jpg,2021-12-01 18:34:15+00,false,2026-09-02 08:57:00.013535+00
150,sEGd00sGs8Y,RILIS BERITA RESMI STATISTIK : Inflasi Bulan Oktober 2021,https://i.ytimg.com/vi/sEGd00sGs8Y/hqdefault.jpg,2021-11-01 18:24:18+00,false,2026-09-02 08:57:00.013535+00
151,pJ32pd3Bg4I,Rilis Berita Resmi Statistik : Inflasi Kota Malang September 2021,https://i.ytimg.com/vi/pJ32pd3Bg4I/hqdefault.jpg,2021-10-01 18:34:30+00,false,2026-09-02 08:57:00.013535+00
152,9YnZvwQhpH0,Rilis Berita Resmi Statistik : Inflasi Kota Malang Agustus 2021,https://i.ytimg.com/vi/9YnZvwQhpH0/hqdefault.jpg,2021-09-01 18:25:35+00,false,2026-09-02 08:57:00.013535+00
153,l6b1duxrIv8,Rilis Berita Resmi Statistik : Inflasi Kota Malang Juli 2021,https://i.ytimg.com/vi/l6b1duxrIv8/hqdefault.jpg,2021-08-02 18:33:39+00,false,2026-09-02 08:57:00.013535+00
685,CpPvOW-cF5Y,Rilis Pers Berita Resmi Statistik September 2026,https://i.ytimg.com/vi/CpPvOW-cF5Y/hqdefault.jpg,2026-09-01 06:15:28+00,false,2026-09-02 08:57:00.013535+00